title,url,category,level,pdf_file,pdf_url
Für Elise,https://makingmusicfun.net/htm/f_printit_free_printable_sheet_music/fur-elise.php,Beethoven,Level 3,pdf_files/Level_3/fur_elise_piano.pdf,https://makingmusicfun.net/pdf/sheet_music/fur_elise_piano.pdf
Carol of the Bells,https://makingmusicfun.net/htm/f_printit_free_printable_sheet_music/carol-of-the-bells-beginner-piano.php,Christmas,Level 1,pdf_files/Level_1/carol-of-the-bells-beginner-piano.pdf,https://makingmusicfun.net/pdf/sheet_music/carol-of-the-bells-beginner-piano.pdf
Amazing Grace,https://makingmusicfun.net/htm/f_printit_free_printable_sheet_music/amazing-grace-easy-piano.php,Christian,Level 1,pdf_files/Level_1/amazing-grace-beginner-piano.pdf,https://makingmusicfun.net/pdf/sheet_music/amazing-grace-beginner-piano.pdf
"O Come, O Come Emmanuel",https://makingmusicfun.net/htm/f_printit_free_printable_sheet_music/o-come-emmanuel-piano.php,Christmas,Level 2,pdf_files/Level_2/o-come-emmanuel-piano.pdf,https://makingmusicfun.net/pdf/sheet_music/o-come-emmanuel-piano.pdf
Mary Had A Little Lamb,https://makingmusicfun.net/htm/f_printit_free_printable_sheet_music/mary_had_a_little_lamb_piano.php,Nursery Rhyme,Level 1,pdf_files/Level_1/mary-had-a-little-lamb-piano.pdf,https://makingmusicfun.net/pdf/sheet_music/mary-had-a-little-lamb-piano.pdf
Happy Birthday,https://makingmusicfun.net/htm/f_printit_free_printable_sheet_music/happy-birthday-easy-piano.php,no_category,Level 1,pdf_files/Level_1/happy-birthday-easy-piano.pdf,https://makingmusicfun.net/pdf/sheet_music/happy-birthday-easy-piano.pdf
Minuet in G,https://makingmusicfun.net/htm/f_printit_free_printable_sheet_music/minuet-in-g.php,Bach,Level 1,pdf_files/Level_1/minuet-in-g.pdf,https://makingmusicfun.net/pdf/sheet_music/minuet-in-g.pdf
March from the Nutcracker,https://makingmusicfun.net/htm/f_printit_free_printable_sheet_music/nutcracker-march-piano-solo.php,Tchaikovsky,Level 5,pdf_files/Level_5/nutcracker-march-piano-solo.pdf,https://makingmusicfun.net/pdf/sheet_music/nutcracker-march-piano-solo.pdf
"Twinkle, Twinkle Little Star",https://makingmusicfun.net/htm/f_printit_free_printable_sheet_music/twinkle-twinkle-little-star-piano-solo.php,Nursery Rhyme,Level 2,pdf_files/Level_2/twinkle-twinkle-little-star-piano-solo.pdf,https://makingmusicfun.net/pdf/sheet_music/twinkle-twinkle-little-star-piano-solo.pdf
Old MacDonald,https://makingmusicfun.net/htm/f_printit_free_printable_sheet_music/old-macdonald-piano-solo.php,Nursery Rhyme,Level 1,pdf_files/Level_1/old-macdonald-piano-solo.pdf,https://makingmusicfun.net/pdf/sheet_music/old-macdonald-piano-solo.pdf
"Go, Tell It On The Mountain",https://makingmusicfun.net/htm/f_printit_free_printable_sheet_music/go-tell-it-on-the-mountain-beginner-piano.php,Christmas,Level 1,pdf_files/Level_1/go-tell-it-on-the-mountain-beginner-piano.pdf,https://makingmusicfun.net/pdf/sheet_music/go-tell-it-on-the-mountain-beginner-piano.pdf
This Little Light of Mine,https://makingmusicfun.net/htm/f_printit_free_printable_sheet_music/this-little-light-of-mine-piano-solo.php,Christian,Level 2,pdf_files/Level_2/this-little-light-of-mine-piano-solo.pdf,https://makingmusicfun.net/pdf/sheet_music/this-little-light-of-mine-piano-solo.pdf
Good King Wenceslas,https://makingmusicfun.net/htm/f_printit_free_printable_sheet_music/good-king-wenceslas-piano-solo.php,Christmas,Level 1,pdf_files/Level_1/good-king-wenceslas-piano-solo.pdf,https://makingmusicfun.net/pdf/sheet_music/good-king-wenceslas-piano-solo.pdf
Air,https://makingmusicfun.net/htm/f_printit_free_printable_sheet_music/air-mozart-piano.php,Mozart,Level 2,pdf_files/Level_2/air-mozart-piano.pdf,https://makingmusicfun.net/pdf/sheet_music/air-mozart-piano.pdf
O Christmas Tree,https://makingmusicfun.net/htm/f_printit_free_printable_sheet_music/o-christmas-tree-piano-solo.php,Christmas,Level 4,pdf_files/Level_4/o-christmas-tree-piano-solo.pdf,https://makingmusicfun.net/pdf/sheet_music/o-christmas-tree-piano-solo.pdf
Au Clair de la Lune,https://makingmusicfun.net/htm/f_printit_free_printable_sheet_music/au-clair-de-la-lune-piano-solo.php,Nursery Rhyme,Level 1,pdf_files/Level_1/au-clair-de-la-lune-piano-solo.pdf,https://makingmusicfun.net/pdf/sheet_music/au-clair-de-la-lune-piano-solo.pdf
When the Saints Go Marching In,https://makingmusicfun.net/htm/f_printit_free_printable_sheet_music/when-the-saints-go-marching-in-piano-solo.php,Jazz,Level 2,pdf_files/Level_2/when-the-saints-go-marching-in-piano-solo.pdf,https://makingmusicfun.net/pdf/sheet_music/when-the-saints-go-marching-in-piano-solo.pdf
Theme from Symphony No. 40 in G Minor,https://makingmusicfun.net/htm/f_printit_free_printable_sheet_music/mozart-symphony-fourty-piano.php,Mozart,Level 5,pdf_files/Level_5/mozart-symphony-fourty-piano.pdf,https://makingmusicfun.net/pdf/sheet_music/mozart-symphony-fourty-piano.pdf
Maple Leaf Rag,https://makingmusicfun.net/htm/f_printit_free_printable_sheet_music/maple-leaf-rag.php,Joplin,Level 3,pdf_files/Level_3/maple-leaf-rag.pdf,https://makingmusicfun.net/pdf/sheet_music/maple-leaf-rag.pdf
Auld Lang Syne,https://makingmusicfun.net/htm/f_printit_free_printable_sheet_music/auld-lang-syne-piano.php,no_category,Level 2,pdf_files/Level_2/auld-lang-syne-piano.pdf,https://makingmusicfun.net/pdf/sheet_music/auld-lang-syne-piano.pdf
Frère Jacques,https://makingmusicfun.net/htm/f_printit_free_printable_sheet_music/frere-jacque-piano-solo.php,Nursery Rhyme,Level 1,pdf_files/Level_1/frere-jacque-piano-solo.pdf,https://makingmusicfun.net/pdf/sheet_music/frere-jacque-piano-solo.pdf
Here Comes the Bride (Wagner),https://makingmusicfun.net/htm/f_printit_free_printable_sheet_music/here_comes_the_bride_piano.php,Classical,Level 2,pdf_files/Level_2/here-comes-the-bride.pdf,https://makingmusicfun.net/pdf/sheet_music/here-comes-the-bride.pdf
Up on the Housetop,https://makingmusicfun.net/htm/f_printit_free_printable_sheet_music/up-on-the-housetop-piano-solo.php,Christmas,Level 1,pdf_files/Level_1/up-on-the-housetop-piano-solo.pdf,https://makingmusicfun.net/pdf/sheet_music/up-on-the-housetop-piano-solo.pdf
Deck the Halls,https://makingmusicfun.net/htm/f_printit_free_printable_sheet_music/deck-the-halls-piano-solo.php,Christmas,Level 4,pdf_files/Level_4/deck-the-halls-piano-solo.pdf,https://makingmusicfun.net/pdf/sheet_music/deck-the-halls-piano-solo.pdf
"Row, Row, Row Your Boat",https://makingmusicfun.net/htm/f_printit_free_printable_sheet_music/row_row_row_your_boat_piano.php,Mother Goose,Level 1,pdf_files/Level_1/row_row_row_your_boat_piano.pdf,https://makingmusicfun.net/pdf/sheet_music/row_row_row_your_boat_piano.pdf
We Three Kings,https://makingmusicfun.net/htm/f_printit_free_printable_sheet_music/we-three-kings-piano-solo.php,Christmas,Level 1,pdf_files/Level_1/we-three-kings-piano-solo.pdf,https://makingmusicfun.net/pdf/sheet_music/we-three-kings-piano-solo.pdf
Toccata in D Minor (Abridged),https://makingmusicfun.net/htm/f_printit_free_printable_sheet_music/toccata-easy-piano.php,Bach,Level 3,pdf_files/Level_3/toccata-easy-piano.pdf,https://makingmusicfun.net/pdf/sheet_music/toccata-easy-piano.pdf
Waltz of the Flowers (The Nutcracker),https://makingmusicfun.net/htm/f_printit_free_printable_sheet_music/waltz-of-the-flowers-piano-solo.php,Tchaikovsky,Level 5,pdf_files/Level_5/waltz-of-the-flowers-piano-solo.pdf,https://makingmusicfun.net/pdf/sheet_music/waltz-of-the-flowers-piano-solo.pdf
O Little Town of Bethlehem,https://makingmusicfun.net/htm/f_printit_free_printable_sheet_music/o-little-town-of-bethlehem-piano.php,Christmas,Level 5,pdf_files/Level_5/o-little-town-of-bethlehem-piano.pdf,https://makingmusicfun.net/pdf/sheet_music/o-little-town-of-bethlehem-piano.pdf
Hark! The Herald Angels Sing (Mendelssohn),https://makingmusicfun.net/htm/f_printit_free_printable_sheet_music/hark-the-herald-angels-sing-piano.php,Christmas,Level 3,pdf_files/Level_3/hark-the-herald-angels-sing-piano.pdf,https://makingmusicfun.net/pdf/sheet_music/hark-the-herald-angels-sing-piano.pdf
If You're Happy and You Know It,https://makingmusicfun.net/htm/f_printit_free_printable_sheet_music/if_youre_happy_piano.php,Nursery Rhyme,Level 2,pdf_files/Level_2/if_youre_happy_piano.pdf,https://makingmusicfun.net/pdf/sheet_music/if_youre_happy_piano.pdf
Largo from New World Symphony (Dvorak),https://makingmusicfun.net/htm/f_printit_free_printable_sheet_music/new-world-symphony-piano-solo.php,Classical,Level 3,pdf_files/Level_3/new-world-symphony-piano-solo.pdf,https://makingmusicfun.net/pdf/sheet_music/new-world-symphony-piano-solo.pdf
"Piano Sonata in C Major, K. 545",https://makingmusicfun.net/htm/f_printit_free_printable_sheet_music/sonata-in-c-major-piano.php,Mozart,Level 5,pdf_files/Level_5/sonata-in-c-major-piano.pdf,https://makingmusicfun.net/pdf/sheet_music/sonata-in-c-major-piano.pdf
Be Thou My Vision,https://makingmusicfun.net/htm/f_printit_free_printable_sheet_music/be-thou-my-vision-piano.php,Christian,Level 3,pdf_files/Level_3/be-thou-my-vision-piano.pdf,https://makingmusicfun.net/pdf/sheet_music/be-thou-my-vision-piano.pdf
Musette in D,https://makingmusicfun.net/htm/f_printit_free_printable_sheet_music/musette-easy.php,Bach,Level 1,pdf_files/Level_1/musette-easy.pdf,https://makingmusicfun.net/pdf/sheet_music/musette-easy.pdf
Sonatina (Clementi),https://makingmusicfun.net/htm/f_printit_free_printable_sheet_music/sonatina.php,Classical,Level 1,pdf_files/Level_1/sonatina.pdf,https://makingmusicfun.net/pdf/sheet_music/sonatina.pdf
Pathetique Sonata,https://makingmusicfun.net/htm/f_printit_free_printable_sheet_music/pathetique-sonata-piano.php,Beethoven,Level 5,pdf_files/Level_5/pathetique-sonata-piano.pdf,https://makingmusicfun.net/pdf/sheet_music/pathetique-sonata-piano.pdf
It Is Well with My Soul,https://makingmusicfun.net/htm/f_printit_free_printable_sheet_music/it-is-well-with-my-soul-piano.php,Christian,Level 1,pdf_files/Level_1/it-is-well-with-my-soul-piano.pdf,https://makingmusicfun.net/pdf/sheet_music/it-is-well-with-my-soul-piano.pdf
Arabian Dance (The Nutcracker),https://makingmusicfun.net/htm/f_printit_free_printable_sheet_music/arabian-dance-piano.php,Tchaikovsky,Level 3,pdf_files/Level_3/arabian-dance-piano.pdf,https://makingmusicfun.net/pdf/sheet_music/arabian-dance-piano.pdf
Itsy Bitsy Spider,https://makingmusicfun.net/htm/f_printit_free_printable_sheet_music/itsy_bitsy_spider_piano.php,Nursery Rhyme,Level 3,pdf_files/Level_3/itsy-bitsy-spider-piano.pdf,https://makingmusicfun.net/pdf/sheet_music/itsy-bitsy-spider-piano.pdf
"Baa, Baa, Black Sheep",https://makingmusicfun.net/htm/f_printit_free_printable_sheet_music/baa-baa-black-sheep-piano.php,Mother Goose,Level 1,pdf_files/Level_1/baa-baa-black-sheep-piano.pdf,https://makingmusicfun.net/pdf/sheet_music/baa-baa-black-sheep-piano.pdf
Twelve Days of Christmas,https://makingmusicfun.net/htm/f_printit_free_printable_sheet_music/twelve-days-of-christmas-piano.php,Christmas,Level 3,pdf_files/Level_3/twelve-days-of-christmas-piano.pdf,https://makingmusicfun.net/pdf/sheet_music/twelve-days-of-christmas-piano.pdf
Scarborough Fair (Simon & Garfunkel),https://makingmusicfun.net/htm/f_printit_free_printable_sheet_music/scarborough-fair-sheet-music.php,no_category,Level 3,pdf_files/Level_3/scarborough-fair-piano-solo.pdf,https://makingmusicfun.net/pdf/sheet_music/scarborough-fair-piano-solo.pdf
Up on the Housetop,https://makingmusicfun.net/htm/f_printit_free_printable_sheet_music/up-on-the-housetop-piano.php,Christmas,Level 3,pdf_files/Level_3/up-on-the-housetop-piano.pdf,https://makingmusicfun.net/pdf/sheet_music/up-on-the-housetop-piano.pdf
London Bridge,https://makingmusicfun.net/htm/f_printit_free_printable_sheet_music/london-bridge-piano-solo.php,Mother Goose,Level 1,pdf_files/Level_1/london-bridge-piano-solo.pdf,https://makingmusicfun.net/pdf/sheet_music/london-bridge-piano-solo.pdf
Pomp and Circumstance (Elgar),https://makingmusicfun.net/htm/f_printit_free_printable_sheet_music/pomp-and-circumstance-piano.php,Classical,Level 4,pdf_files/Level_4/pomp-and-circumstance-piano.pdf,https://makingmusicfun.net/pdf/sheet_music/pomp-and-circumstance-piano.pdf
Arabesque (Burgmüller),https://makingmusicfun.net/htm/f_printit_free_printable_sheet_music/arabesque-piano.php,Classical,Level 5,pdf_files/Level_5/arabesque-piano.pdf,https://makingmusicfun.net/pdf/sheet_music/arabesque-piano.pdf
Overture to William Tell (Rossini),https://makingmusicfun.net/htm/f_printit_free_printable_sheet_music/overture-to-william-tell.php,Classical,Level 2,pdf_files/Level_2/overture-to-william-tell.pdf,https://makingmusicfun.net/pdf/sheet_music/overture-to-william-tell.pdf
Jolly Old Saint Nicholas,https://makingmusicfun.net/htm/f_printit_free_printable_sheet_music/jolly-old-saint-nicholas-piano-solo.php,Christmas,Level 1,pdf_files/Level_1/jolly-old-saint-nicholas-piano-solo.pdf,https://makingmusicfun.net/pdf/sheet_music/jolly-old-saint-nicholas-piano-solo.pdf
C Major Scale and Arpeggio,https://makingmusicfun.net/htm/f_printit_free_printable_sheet_music/c-major-piano.php,Scales,Level 1,pdf_files/Level_1/c-major-piano.pdf,https://makingmusicfun.net/pdf/sheet_music/c-major-piano.pdf
Away in a Manger,https://makingmusicfun.net/htm/f_printit_free_printable_sheet_music/away-in-a-manger-piano-solo.php,Christmas,Level 3,pdf_files/Level_3/away-in-a-manger-piano-solo.pdf,https://makingmusicfun.net/pdf/sheet_music/away-in-a-manger-piano-solo.pdf
Angels We Have Heard On High,https://makingmusicfun.net/htm/f_printit_free_printable_sheet_music/angels-we-have-heard-on-high-piano.php,Christmas,Level 3,pdf_files/Level_3/angels-we-have-heard-on-high-piano.pdf,https://makingmusicfun.net/pdf/sheet_music/angels-we-have-heard-on-high-piano.pdf
"God Rest Ye Merry, Gentlemen",https://makingmusicfun.net/htm/f_printit_free_printable_sheet_music/god-rest-ye-merry-gentlemen-piano.php,Christmas,Level 3,pdf_files/Level_3/god-rest-ye-merry-gentlemen-piano.pdf,https://makingmusicfun.net/pdf/sheet_music/god-rest-ye-merry-gentlemen-piano.pdf
"Surprise Symphony 
 (Haydn)",https://makingmusicfun.net/htm/f_printit_free_printable_sheet_music/suprise-symphony.php,Classical,Level 2,pdf_files/Level_2/surprise-symphony.pdf,https://makingmusicfun.net/pdf/sheet_music/surprise-symphony.pdf
The Holly and the Ivy,https://makingmusicfun.net/htm/f_printit_free_printable_sheet_music/holly-and-the-ivy-intermediate-piano.php,Christmas,Level 3,pdf_files/Level_3/holly-and-the-ivy-piano-solo.pdf,https://makingmusicfun.net/pdf/sheet_music/holly-and-the-ivy-piano-solo.pdf
"Oh My Darling, Clementine",https://makingmusicfun.net/htm/f_printit_free_printable_sheet_music/clementine-piano.php,no_category,Level 3,pdf_files/Level_3/clementine-piano.pdf,https://makingmusicfun.net/pdf/sheet_music/clementine-piano.pdf
Humpty Dumpty,https://makingmusicfun.net/htm/f_printit_free_printable_sheet_music/humpty-dumpty-piano.php,Mother Goose,Level 1,pdf_files/Level_1/humpty-dumpty-piano.pdf,https://makingmusicfun.net/pdf/sheet_music/humpty-dumpty-piano.pdf
Lavender's Blue,https://makingmusicfun.net/htm/f_printit_free_printable_sheet_music/lavenders_blue_piano.php,Mother Goose,Level 2,pdf_files/Level_2/lavenders_blue_piano.pdf,https://makingmusicfun.net/pdf/sheet_music/lavenders_blue_piano.pdf
Pat-a-Pan (Monnoye),https://makingmusicfun.net/htm/f_printit_free_printable_sheet_music/pat-a-pan-piano.php,Christmas,Level 2,pdf_files/Level_2/pat-a-pan-piano.pdf,https://makingmusicfun.net/pdf/sheet_music/pat-a-pan-piano.pdf
Morning (Grieg),https://makingmusicfun.net/htm/f_printit_free_printable_sheet_music/morning-piano.php,Classical,Level 2,pdf_files/Level_2/morning-piano.pdf,https://makingmusicfun.net/pdf/sheet_music/morning-piano.pdf
Praise God from Whom All Blessing Flow,https://makingmusicfun.net/htm/f_printit_free_printable_sheet_music/praise-god-from-whom-all-blessings-flow-piano.php,Christian,Level 1,pdf_files/Level_1/praise-god-from-whom-all-blessings-flow-piano.pdf,https://makingmusicfun.net/pdf/sheet_music/praise-god-from-whom-all-blessings-flow-piano.pdf
He's Got the Whole World,https://makingmusicfun.net/htm/f_printit_free_printable_sheet_music/hes-got-the-whole-world-piano.php,Christian,Level 2,pdf_files/Level_2/hes-got-the-whole-world-piano.pdf,https://makingmusicfun.net/pdf/sheet_music/hes-got-the-whole-world-piano.pdf
The First Noël,https://makingmusicfun.net/htm/f_printit_free_printable_sheet_music/the-first-noel-piano.php,Christmas,Level 1,pdf_files/Level_1/the-first-noel-piano.pdf,https://makingmusicfun.net/pdf/sheet_music/the-first-noel-piano.pdf
Hallelujah Chorus (Handel),https://makingmusicfun.net/htm/f_printit_free_printable_sheet_music/hallelujah-chorus-easy-piano-solo.php,Classical,Level 3,pdf_files/Level_3/hallelujah-chorus-piano-solo.pdf,https://makingmusicfun.net/pdf/sheet_music/hallelujah-chorus-piano-solo.pdf
"Oh, Susanna (Foster)",https://makingmusicfun.net/htm/f_printit_free_printable_sheet_music/oh_susanna_piano.php,no_category,Level 2,pdf_files/Level_2/oh_susanna_piano.pdf,https://makingmusicfun.net/pdf/sheet_music/oh_susanna_piano.pdf
Alouette,https://makingmusicfun.net/htm/f_printit_free_printable_sheet_music/alouette-piano-sheet-music.php,Nursery Rhyme,Level 2,pdf_files/Level_2/alouette.pdf,https://makingmusicfun.net/pdf/sheet_music/alouette.pdf
Funeral March (Chopin),https://makingmusicfun.net/htm/f_printit_free_printable_sheet_music/funeral-march.php,Classical,Level 3,pdf_files/Level_3/funeral-march.pdf,https://makingmusicfun.net/pdf/sheet_music/funeral-march.pdf
Malaguena (Lecuona),https://makingmusicfun.net/htm/f_printit_free_printable_sheet_music/malaguena-piano.php,Classical,Level 3,pdf_files/Level_3/malaguena-piano.pdf,https://makingmusicfun.net/pdf/sheet_music/malaguena-piano.pdf
Ding Dong Merrily On High,https://makingmusicfun.net/htm/f_printit_free_printable_sheet_music/ding-dong-merrily-on-high-piano.php,Christmas,Level 3,pdf_files/Level_3/ding-dong-merrily-on-high-piano.pdf,https://makingmusicfun.net/pdf/sheet_music/ding-dong-merrily-on-high-piano.pdf
Turkish March,https://makingmusicfun.net/htm/f_printit_free_printable_sheet_music/turkish-march-beethoven-piano.php,Beethoven,Level 2,pdf_files/Level_2/turkish-march-beethoven-piano.pdf,https://makingmusicfun.net/pdf/sheet_music/turkish-march-beethoven-piano.pdf
Coventry Carol,https://makingmusicfun.net/htm/f_printit_free_printable_sheet_music/coventry-carol-piano.php,Christmas,Level 3,pdf_files/Level_3/coventry-carol-piano.pdf,https://makingmusicfun.net/pdf/sheet_music/coventry-carol-piano.pdf
La Donna e Mobile (Verdi),https://makingmusicfun.net/htm/f_printit_free_printable_sheet_music/la-donna-e-mobile-piano.php,Classical,Level 3,pdf_files/Level_3/la-donna-e-mobile-piano.pdf,https://makingmusicfun.net/pdf/sheet_music/la-donna-e-mobile-piano.pdf
Do You Know the Muffin Man?,https://makingmusicfun.net/htm/f_printit_free_printable_sheet_music/muffin-man-piano.php,Mother Goose,Level 1,pdf_files/Level_1/muffin-man-piano.pdf,https://makingmusicfun.net/pdf/sheet_music/muffin-man-piano.pdf
Musette in D,https://makingmusicfun.net/htm/f_printit_free_printable_sheet_music/musette-in-d-intermediate.php,Bach,Level 5,pdf_files/Level_5/musette-in-d-intermediate.pdf,https://makingmusicfun.net/pdf/sheet_music/musette-in-d-intermediate.pdf
She'll Be Coming 'Round the Mountain,https://makingmusicfun.net/htm/f_printit_free_printable_sheet_music/shell-be-coming-round-the-mountain-piano.php,no_category,Level 2,pdf_files/Level_2/shell-be-coming-round-the-mountain-piano.pdf,https://makingmusicfun.net/pdf/sheet_music/shell-be-coming-round-the-mountain-piano.pdf
Caprice No. 24 (Paganini),https://makingmusicfun.net/htm/f_printit_free_printable_sheet_music/caprice-piano.php,Classical,Level 5,pdf_files/Level_5/caprice-piano.pdf,https://makingmusicfun.net/pdf/sheet_music/caprice-piano.pdf
Joshua Fought the Battle of Jericho,https://makingmusicfun.net/htm/f_printit_free_printable_sheet_music/joshua-fought-the-battle-piano.php,Jazz,Level 3,pdf_files/Level_3/joshua-fought-the-battle-piano.pdf,https://makingmusicfun.net/pdf/sheet_music/joshua-fought-the-battle-piano.pdf
All Through The Night,https://makingmusicfun.net/htm/f_printit_free_printable_sheet_music/all-through-the-night-piano-solo.php,Celtic,Level 1,pdf_files/Level_1/all-through-the-night-piano-solo.pdf,https://makingmusicfun.net/pdf/sheet_music/all-through-the-night-piano-solo.pdf
Dance of the Reeds (The Nutcracker),https://makingmusicfun.net/htm/f_printit_free_printable_sheet_music/dance-of-the-reeds-piano.php,Tchaikovsky,Level 5,pdf_files/Level_5/dance-of-the-reeds-piano.pdf,https://makingmusicfun.net/pdf/sheet_music/dance-of-the-reeds-piano.pdf
"Russian Folk Song, Op. 107, No. 3",https://makingmusicfun.net/htm/f_printit_free_printable_sheet_music/russian-folksong-piano.php,Beethoven,Level 3,pdf_files/Level_3/russian-folksong-piano.pdf,https://makingmusicfun.net/pdf/sheet_music/russian-folksong-piano.pdf
"Sakura, Sakura (Japanese)",https://makingmusicfun.net/htm/f_printit_free_printable_sheet_music/sakura-sakura-piano-solo.php,no_category,Level 2,pdf_files/Level_2/sakura-sakura-piano-solo.pdf,https://makingmusicfun.net/pdf/sheet_music/sakura-sakura-piano-solo.pdf
"Marche Slave, Op. 31",https://makingmusicfun.net/htm/f_printit_free_printable_sheet_music/march-slav.php,Tchaikovsky,Level 2,pdf_files/Level_2/march-slav.pdf,https://makingmusicfun.net/pdf/sheet_music/march-slav.pdf
I've Got Peace Like a River,https://makingmusicfun.net/htm/f_printit_free_printable_sheet_music/peace-like-a-river-piano.php,Christian,Level 2,pdf_files/Level_2/peace-like-a-river-piano.pdf,https://makingmusicfun.net/pdf/sheet_music/peace-like-a-river-piano.pdf
Minuet in G Minor,https://makingmusicfun.net/htm/f_printit_free_printable_sheet_music/minuet-in-g-minor-level-five-piano-solo.php,Bach,Level 5,pdf_files/Level_5/minuet-in-g-minor-level-five-piano-solo.pdf,https://makingmusicfun.net/pdf/sheet_music/minuet-in-g-minor-level-five-piano-solo.pdf
Bingo,https://makingmusicfun.net/htm/f_printit_free_printable_sheet_music/bingo-piano-solo.php,Nursery Rhyme,Level 1,pdf_files/Level_1/bingo-piano-solo.pdf,https://makingmusicfun.net/pdf/sheet_music/bingo-piano-solo.pdf
Itsy Bitsy Spider,https://makingmusicfun.net/htm/f_printit_free_printable_sheet_music/itsy-bitsy-spider-beginner-piano.php,Nursery Rhyme,Level 1,pdf_files/Level_1/itsy-bitsy-spider-beginner-piano.pdf,https://makingmusicfun.net/pdf/sheet_music/itsy-bitsy-spider-beginner-piano.pdf
Here We Come A-Wassailing (English),https://makingmusicfun.net/htm/f_printit_free_printable_sheet_music/here-we-come-a-wassailing-piano.php,Christmas,Level 4,pdf_files/Level_4/here-we-come-a-wassailing-piano.pdf,https://makingmusicfun.net/pdf/sheet_music/here-we-come-a-wassailing-piano.pdf
Down to the River to Pray,https://makingmusicfun.net/htm/f_printit_free_printable_sheet_music/down-to-the-river-to-pray-piano.php,Christian,Level 3,pdf_files/Level_3/down-to-the-river-to-pray-piano.pdf,https://makingmusicfun.net/pdf/sheet_music/down-to-the-river-to-pray-piano.pdf
Banana Boat Song (Day-O),https://makingmusicfun.net/htm/f_printit_free_printable_sheet_music/banana_boat_song_piano.php,no_category,Level 2,pdf_files/Level_2/banana-boat-song.pdf,https://makingmusicfun.net/pdf/sheet_music/banana-boat-song.pdf
Ten Little Indians,https://makingmusicfun.net/htm/f_printit_free_printable_sheet_music/ten-little-indians-piano-solo.php,Nursery Rhyme,Level 2,pdf_files/Level_2/ten-little-indians-piano-solo.pdf,https://makingmusicfun.net/pdf/sheet_music/ten-little-indians-piano-solo.pdf
Hava Nagila,https://makingmusicfun.net/htm/f_printit_free_printable_sheet_music/hava-nagila-piano.php,no_category,Level 4,pdf_files/Level_4/hava-nagila-piano.pdf,https://makingmusicfun.net/pdf/sheet_music/hava-nagila-piano.pdf
Morning Has Broken,https://makingmusicfun.net/htm/f_printit_free_printable_sheet_music/morning_has_broken_piano.php,Celtic,Level 4,pdf_files/Level_4/morning_has_broken_piano.pdf,https://makingmusicfun.net/pdf/sheet_music/morning_has_broken_piano.pdf
Je Te Veux (Satie),https://makingmusicfun.net/htm/f_printit_free_printable_sheet_music/je-te-veux-piano.php,Classical,Level 3,pdf_files/Level_3/je-te-veux-piano.pdf,https://makingmusicfun.net/pdf/sheet_music/je-te-veux-piano.pdf
"Waltz, Op. 39, No. 13 (Kabalevsky)",https://makingmusicfun.net/htm/f_printit_free_printable_sheet_music/kabalevsky-waltz-piano.php,Classical,Level 4,pdf_files/Level_4/kabalevsky-waltz-piano.pdf,https://makingmusicfun.net/pdf/sheet_music/kabalevsky-waltz-piano.pdf
Blue Bumblebee,https://makingmusicfun.net/htm/f_printit_free_printable_sheet_music/blue-bumblebee.php,Jazz,Level 2,pdf_files/Level_2/blue-bumblebee.pdf,https://makingmusicfun.net/pdf/sheet_music/blue-bumblebee.pdf
March of the Toreadors from Carmen (Bizet),https://makingmusicfun.net/htm/f_printit_free_printable_sheet_music/toreador-song-piano-solo.php,Classical,Level 3,pdf_files/Level_3/toreador-song-piano-solo.pdf,https://makingmusicfun.net/pdf/sheet_music/toreador-song-piano-solo.pdf
"Hallelu, Hallelu",https://makingmusicfun.net/htm/f_printit_free_printable_sheet_music/hallelu-hallelu-piano.php,Christian,Level 2,pdf_files/Level_2/hallelu-hallelu-piano.pdf,https://makingmusicfun.net/pdf/sheet_music/hallelu-hallelu-piano.pdf
Kumbaya (Come By Here),https://makingmusicfun.net/htm/f_printit_free_printable_sheet_music/kum-ba-ya-piano-solo.php,Christian,Level 2,pdf_files/Level_2/kum-ba-ya-piano-solo.pdf,https://makingmusicfun.net/pdf/sheet_music/kum-ba-ya-piano-solo.pdf
This Old Man,https://makingmusicfun.net/htm/f_printit_free_printable_sheet_music/this-old-man-piano.php,Nursery Rhyme,Level 1,pdf_files/Level_1/this-old-man-piano.pdf,https://makingmusicfun.net/pdf/sheet_music/this-old-man-piano.pdf
Happy Birthday,https://makingmusicfun.net/htm/f_printit_free_printable_sheet_music/happy-birthday-intermediate-piano.php,no_category,Level 4,pdf_files/Level_4/happy-birthday-intermediate-piano.pdf,https://makingmusicfun.net/pdf/sheet_music/happy-birthday-intermediate-piano.pdf
Christ Was Born on Christmas Day,https://makingmusicfun.net/htm/f_printit_free_printable_sheet_music/christ-was-born-on-christmas-day-piano.php,Christmas,Level 2,pdf_files/Level_2/christ-was-born-on-christmas-day-piano.pdf,https://makingmusicfun.net/pdf/sheet_music/christ-was-born-on-christmas-day-piano.pdf
Skater's Waltz (Waldteufel),https://makingmusicfun.net/htm/f_printit_free_printable_sheet_music/skaters-waltz-piano.php,Classical,Level 3,pdf_files/Level_3/skaters-waltz-piano.pdf,https://makingmusicfun.net/pdf/sheet_music/skaters-waltz-piano.pdf
Pop Goes the Weasel,https://makingmusicfun.net/htm/f_printit_free_printable_sheet_music/pop-goes-the-weasel-piano-solo.php,Mother Goose,Level 2,pdf_files/Level_2/pop-goes-the-weasel-piano-solo.pdf,https://makingmusicfun.net/pdf/sheet_music/pop-goes-the-weasel-piano-solo.pdf
"Twinkle, Twinkle Little Star",https://makingmusicfun.net/htm/f_printit_free_printable_sheet_music/twinkle-twinkle-little-star-beginner-piano.php,Nursery Rhyme,Level 1,pdf_files/Level_1/twinkle-twinkle-little-star-beginner-piano.pdf,https://makingmusicfun.net/pdf/sheet_music/twinkle-twinkle-little-star-beginner-piano.pdf
"Swing Low, Sweet Chariot",https://makingmusicfun.net/htm/f_printit_free_printable_sheet_music/swing-low-sweet-chariot-piano-duet.php,Jazz,Level 5,pdf_files/Level_5/swing-low-sweet-chariot-piano-duet.pdf,https://makingmusicfun.net/pdf/sheet_music/swing-low-sweet-chariot-piano-duet.pdf
God Is So Good,https://makingmusicfun.net/htm/f_printit_free_printable_sheet_music/god-is-so-good-piano.php,Christian,Level 1,pdf_files/Level_1/god-is-so-good-piano.pdf,https://makingmusicfun.net/pdf/sheet_music/god-is-so-good-piano.pdf
" O Come, Little Children",https://makingmusicfun.net/htm/f_printit_free_printable_sheet_music/o-come-little-children-piano.php,Christmas,Level 3,pdf_files/Level_3/o-come-little-children-piano.pdf,https://makingmusicfun.net/pdf/sheet_music/o-come-little-children-piano.pdf
"He is Born, the Divine Christ Child",https://makingmusicfun.net/htm/f_printit_free_printable_sheet_music/he-is-born-the-divine-christ-child-piano-duet.php,Christmas,Level 5,pdf_files/Level_5/he-is-born-the-divine-christ-child-piano-duet.pdf,https://makingmusicfun.net/pdf/sheet_music/he-is-born-the-divine-christ-child-piano-duet.pdf
Hush Little Baby,https://makingmusicfun.net/htm/f_printit_free_printable_sheet_music/hush_little_baby_piano.php,no_category,Level 2,pdf_files/Level_2/hush-little-baby-piano.pdf,https://makingmusicfun.net/pdf/sheet_music/hush-little-baby-piano.pdf
Polonaise Op. 53 (Chopin),https://makingmusicfun.net/htm/f_printit_free_printable_sheet_music/polonaise-piano-solo.php,Classical,Level 5,pdf_files/Level_5/chopin-polonaise-piano-solo.pdf,https://makingmusicfun.net/pdf/sheet_music/chopin-polonaise-piano-solo.pdf
1812 Overture (Theme),https://makingmusicfun.net/htm/f_printit_free_printable_sheet_music/eighteen-twelve-overture-for-piano-solo.php,Tchaikovsky,Level 5,pdf_files/Level_5/eighteen-twelve-overture-for-piano-solo.pdf,https://makingmusicfun.net/pdf/sheet_music/eighteen-twelve-overture-for-piano-solo.pdf
Lullaby and Goodnight,https://makingmusicfun.net/htm/f_printit_free_printable_sheet_music/lullaby-and-goodnight-piano.php,Brahms,Level 1,pdf_files/Level_1/lullaby-and-goodnight-piano.pdf,https://makingmusicfun.net/pdf/sheet_music/lullaby-and-goodnight-piano.pdf
Country Gardens,https://makingmusicfun.net/htm/f_printit_free_printable_sheet_music/country-gardens-piano.php,no_category,Level 3,pdf_files/Level_3/country-gardens-piano.pdf,https://makingmusicfun.net/pdf/sheet_music/country-gardens-piano.pdf
Shenandoah (Sea Shanty),https://makingmusicfun.net/htm/f_printit_free_printable_sheet_music/shenandoah-piano.php,no_category,Level 4,pdf_files/Level_4/shenandoah-piano.pdf,https://makingmusicfun.net/pdf/sheet_music/shenandoah-piano.pdf
Scotland the Brave (Scottish),https://makingmusicfun.net/htm/f_printit_free_printable_sheet_music/scotland-the-brave-piano.php,Celtic,Level 2,pdf_files/Level_2/scotland-the-brave-piano.pdf,https://makingmusicfun.net/pdf/sheet_music/scotland-the-brave-piano.pdf
Yankee Doodle,https://makingmusicfun.net/htm/f_printit_free_printable_sheet_music/yankee_doodle_piano.php,Patriotic,Level 1,pdf_files/Level_1/yankee_doodle_piano.pdf,https://makingmusicfun.net/pdf/sheet_music/yankee_doodle_piano.pdf
Pavane Op.50 (Fauré),https://makingmusicfun.net/htm/f_printit_free_printable_sheet_music/pavane-piano.php,Classical,Level 5,pdf_files/Level_5/pavane-piano.pdf,https://makingmusicfun.net/pdf/sheet_music/pavane-piano.pdf
Water Music (Handel),https://makingmusicfun.net/htm/f_printit_free_printable_sheet_music/water-music-piano.php,Classical,Level 2,pdf_files/Level_2/water-music-piano.pdf,https://makingmusicfun.net/pdf/sheet_music/water-music-piano.pdf
Kyrie Eleison from Mass No. 12,https://makingmusicfun.net/htm/f_printit_free_printable_sheet_music/kyrie-eleison-mozart-piano.php,Mozart,Level 2,pdf_files/Level_2/kyrie-eleison-mozart-piano.pdf,https://makingmusicfun.net/pdf/sheet_music/kyrie-eleison-mozart-piano.pdf
Hickory Dickory Dock,https://makingmusicfun.net/htm/f_printit_free_printable_sheet_music/hickory-dickory-dock-piano-solo.php,Mother Goose,Level 2,pdf_files/Level_2/hickory-dickory-dock-piano-solo.pdf,https://makingmusicfun.net/pdf/sheet_music/hickory-dickory-dock-piano-solo.pdf
The B-I-B-L-E,https://makingmusicfun.net/htm/f_printit_free_printable_sheet_music/the-b-i-b-l-e-piano-solo.php,Christian,Level 2,pdf_files/Level_2/the-b-i-b-l-e-piano-solo.pdf,https://makingmusicfun.net/pdf/sheet_music/the-b-i-b-l-e-piano-solo.pdf
The Sorcerer's Apprentice (Fantasia),https://makingmusicfun.net/htm/f_printit_free_printable_sheet_music/sorcerers_apprentice_piano.php,Classical,Level 5,pdf_files/Level_5/sorcerers-apprentice-piano.pdf,https://makingmusicfun.net/pdf/sheet_music/sorcerers-apprentice-piano.pdf
Chinese Dance (The Nutcracker),https://makingmusicfun.net/htm/f_printit_free_printable_sheet_music/chinese-dance-piano.php,Tchaikovsky,Level 5,pdf_files/Level_5/chinese-dance-piano.pdf,https://makingmusicfun.net/pdf/sheet_music/chinese-dance-piano.pdf
Hot Cross Buns,https://makingmusicfun.net/htm/f_printit_free_printable_sheet_music/hot-cross-buns-piano-solo.php,Mother Goose,Level 1,pdf_files/Level_1/hot-cross-buns-piano-solo.pdf,https://makingmusicfun.net/pdf/sheet_music/hot-cross-buns-piano-solo.pdf
Coventry Carol,https://makingmusicfun.net/htm/f_printit_free_printable_sheet_music/coventry-carol-beginner-piano.php,Christmas,Level 1,pdf_files/Level_1/coventry-carol-beginner-piano.pdf,https://makingmusicfun.net/pdf/sheet_music/coventry-carol-beginner-piano.pdf
Minuet K.2,https://makingmusicfun.net/htm/f_printit_free_printable_sheet_music/mozart-minuet-piano.php,Mozart,Level 3,pdf_files/Level_3/mozart-minuet-piano.pdf,https://makingmusicfun.net/pdf/sheet_music/mozart-minuet-piano.pdf
America the Beautiful (Ward),https://makingmusicfun.net/htm/f_printit_free_printable_sheet_music/america-the-beautiful-piano.php,Patriotic,Level 3,pdf_files/Level_3/america-the-beautiful-piano.pdf,https://makingmusicfun.net/pdf/sheet_music/america-the-beautiful-piano.pdf
Star Flight (Star Wars Tribute),https://makingmusicfun.net/htm/f_printit_free_printable_sheet_music/star-flight-piano.php,MMF Original,Level 4,pdf_files/Level_4/star-flight-piano.pdf,https://makingmusicfun.net/pdf/sheet_music/star-flight-piano.pdf
Ecossaise,https://makingmusicfun.net/htm/f_printit_free_printable_sheet_music/ecossaise-piano-solo.php,Beethoven,Level 5,pdf_files/Level_5/ecossaise-for-piano-solo.pdf,https://makingmusicfun.net/pdf/sheet_music/ecossaise-for-piano-solo.pdf
Radetsky March (Strauss),https://makingmusicfun.net/htm/f_printit_free_printable_sheet_music/radetzky-march-piano.php,Classical,Level 3,pdf_files/Level_3/radetzky-march-piano.pdf,https://makingmusicfun.net/pdf/sheet_music/radetzky-march-piano.pdf
For He's a Jolly Good Fellow,https://makingmusicfun.net/htm/f_printit_free_printable_sheet_music/for-hes-a-jolly-good-fellow-piano.php,no_category,Level 3,pdf_files/Level_3/for-hes-a-jolly-good-fellow-piano.pdf,https://makingmusicfun.net/pdf/sheet_music/for-hes-a-jolly-good-fellow-piano.pdf
Onward Christian Soldiers,https://makingmusicfun.net/htm/f_printit_free_printable_sheet_music/onward-christian-soldiers-piano.php,Christian,Level 3,pdf_files/Level_3/onward-christian-soldiers-piano.pdf,https://makingmusicfun.net/pdf/sheet_music/onward-christian-soldiers-piano.pdf
G Major Scale and Arpeggio,https://makingmusicfun.net/htm/f_printit_free_printable_sheet_music/g-major-piano.php,Scales,Level 3,pdf_files/Level_3/g-major-piano.pdf,https://makingmusicfun.net/pdf/sheet_music/g-major-piano.pdf
Snake Dance,https://makingmusicfun.net/htm/f_printit_free_printable_sheet_music/snake_dance_piano.php,no_category,Level 2,pdf_files/Level_2/snake-dance-piano.pdf,https://makingmusicfun.net/pdf/sheet_music/snake-dance-piano.pdf
Barcarolle (Offenbach),https://makingmusicfun.net/htm/f_printit_free_printable_sheet_music/barcarolle-piano.php,Classical,Level 4,pdf_files/Level_4/barcarolle-piano.pdf,https://makingmusicfun.net/pdf/sheet_music/barcarolle-piano.pdf
Mexican Hat Dance,https://makingmusicfun.net/htm/f_printit_free_printable_sheet_music/mexican-hat-dance-piano-solo.php,no_category,Level 1,pdf_files/Level_1/mexican-hat-dance-piano-solo.pdf,https://makingmusicfun.net/pdf/sheet_music/mexican-hat-dance-piano-solo.pdf
Musette's Waltz (La Boheme),https://makingmusicfun.net/htm/f_printit_free_printable_sheet_music/musettes-waltz-piano.php,Classical,Level 3,pdf_files/Level_3/musettes-waltz-piano.pdf,https://makingmusicfun.net/pdf/sheet_music/musettes-waltz-piano.pdf
Skip to My Lou,https://makingmusicfun.net/htm/f_printit_free_printable_sheet_music/skip-to-my-lou-piano-solo.php,no_category,Level 1,pdf_files/Level_1/skip-to-my-lou-piano-solo.pdf,https://makingmusicfun.net/pdf/sheet_music/skip-to-my-lou-piano-solo.pdf
Turkey in the Straw,https://makingmusicfun.net/htm/f_printit_free_printable_sheet_music/turkey_in_the_straw_piano.php,no_category,Level 3,pdf_files/Level_3/turkey_in_the_straw_piano.pdf,https://makingmusicfun.net/pdf/sheet_music/turkey_in_the_straw_piano.pdf
We Gather Together,https://makingmusicfun.net/htm/f_printit_free_printable_sheet_music/we-gather-together-piano.php,Christian,Level 3,pdf_files/Level_3/we-gather-together-piano.pdf,https://makingmusicfun.net/pdf/sheet_music/we-gather-together-piano.pdf
Alexander's Ragtime Band (Berlin),https://makingmusicfun.net/htm/f_printit_free_printable_sheet_music/alexanders-ragtime-band-piano.php,Jazz,Level 4,pdf_files/Level_4/alexanders-ragtime-band-piano.pdf,https://makingmusicfun.net/pdf/sheet_music/alexanders-ragtime-band-piano.pdf
Adeste Fideles (O Come All Ye Faithful),https://makingmusicfun.net/htm/f_printit_free_printable_sheet_music/adeste-fideles-piano-solo.php,Christmas,Level 3,pdf_files/Level_3/o-come-all-ye-faithful-piano-solo.pdf,https://makingmusicfun.net/pdf/sheet_music/o-come-all-ye-faithful-piano-solo.pdf
Give Me Oil In My Lamp,https://makingmusicfun.net/htm/f_printit_free_printable_sheet_music/give-me-oil-in-my-lamp-piano.php,Christian,Level 3,pdf_files/Level_3/give-me-oil-in-my-lamp-piano.pdf,https://makingmusicfun.net/pdf/sheet_music/give-me-oil-in-my-lamp-piano.pdf
All the Pretty Little Horses,https://makingmusicfun.net/htm/f_printit_free_printable_sheet_music/pretty-little-horses-piano.php,no_category,Level 2,pdf_files/Level_2/pretty-little-horses-piano.pdf,https://makingmusicfun.net/pdf/sheet_music/pretty-little-horses-piano.pdf
Aria (Suite in D),https://makingmusicfun.net/htm/f_printit_free_printable_sheet_music/aria-suite-in-d-piano.php,Bach,Level 3,pdf_files/Level_3/aria-suite-in-d-piano.pdf,https://makingmusicfun.net/pdf/sheet_music/aria-suite-in-d-piano.pdf
Alouette,https://makingmusicfun.net/htm/f_printit_free_printable_sheet_music/alouette-piano-duet.php,Duets,Level 2,pdf_files/Level_2/alouette-piano-duet.pdf,https://makingmusicfun.net/pdf/sheet_music/alouette-piano-duet.pdf
Minuet in D Minor,https://makingmusicfun.net/htm/f_printit_free_printable_sheet_music/minuet-in-d-minor-piano.php,Bach,Level 5,pdf_files/Level_5/minuet-in-d-minor-piano.pdf,https://makingmusicfun.net/pdf/sheet_music/minuet-in-d-minor-piano.pdf
Michael Row the Boat Ashore,https://makingmusicfun.net/htm/f_printit_free_printable_sheet_music/michael_row_the_boat_ashore_piano.php,no_category,Level 2,pdf_files/Level_2/michael_row_the_boat_ashore_piano.pdf,https://makingmusicfun.net/pdf/sheet_music/michael_row_the_boat_ashore_piano.pdf
Easy Winners,https://makingmusicfun.net/htm/f_printit_free_printable_sheet_music/easy-winners-piano.php,Joplin,Level 3,pdf_files/Level_3/easy-winners-piano.pdf,https://makingmusicfun.net/pdf/sheet_music/easy-winners-piano.pdf
Molly Malone,https://makingmusicfun.net/htm/f_printit_free_printable_sheet_music/molly-malone-sheet-music.php,Celtic,Level 3,pdf_files/Level_3/molly-malone.pdf,https://makingmusicfun.net/pdf/sheet_music/molly-malone.pdf
Siciliano,https://makingmusicfun.net/htm/f_printit_free_printable_sheet_music/siciliano-bach-piano.php,Bach,Level 5,pdf_files/Level_5/siciliano-bach-piano.pdf,https://makingmusicfun.net/pdf/sheet_music/siciliano-bach-piano.pdf
Do Your Ears Hang Low?,https://makingmusicfun.net/htm/f_printit_free_printable_sheet_music/do-your-ears-piano.php,no_category,Level 2,pdf_files/Level_2/do-your-ears-piano.pdf,https://makingmusicfun.net/pdf/sheet_music/do-your-ears-piano.pdf
Dance of the Cygnets (Swan Lake),https://makingmusicfun.net/htm/f_printit_free_printable_sheet_music/dance-of-the-cygnets-piano.php,Tchaikovsky,Level 5,pdf_files/Level_5/dance-of-the-cygnets-piano.pdf,https://makingmusicfun.net/pdf/sheet_music/dance-of-the-cygnets-piano.pdf
"Bring a Torch, Jeanette, Isabella",https://makingmusicfun.net/htm/f_printit_free_printable_sheet_music/jeannette-isabella-jazz-piano-solo.php,Christmas,Level 4,pdf_files/Level_4/jeannette-isabella-jazz-piano.pdf,https://makingmusicfun.net/pdf/sheet_music/jeannette-isabella-jazz-piano.pdf
Go Down Moses,https://makingmusicfun.net/htm/f_printit_free_printable_sheet_music/go-down-moses-piano.php,Christian,Level 3,pdf_files/Level_3/go-down-moses-piano.pdf,https://makingmusicfun.net/pdf/sheet_music/go-down-moses-piano.pdf
Simple Gifts (Shaker Hymn),https://makingmusicfun.net/htm/f_printit_free_printable_sheet_music/simple-gifts-piano-solo.php,no_category,Level 3,pdf_files/Level_3/simple-gifts-piano-solo.pdf,https://makingmusicfun.net/pdf/sheet_music/simple-gifts-piano-solo.pdf
Farmer in the Dell Boogie,https://makingmusicfun.net/htm/f_printit_free_printable_sheet_music/farmer-boogie-piano-duet.php,Nursery Rhyme,Level 1,pdf_files/Level_1/farmer-boogie-piano-duet.pdf,https://makingmusicfun.net/pdf/sheet_music/farmer-boogie-piano-duet.pdf
Minuet in G (Music Man),https://makingmusicfun.net/htm/f_printit_free_printable_sheet_music/beethoven-minuet-piano.php,Beethoven,Level 4,pdf_files/Level_4/beethoven-minuet-piano.pdf,https://makingmusicfun.net/pdf/sheet_music/beethoven-minuet-piano.pdf
Waves of the Danube (Ivanovici),https://makingmusicfun.net/htm/f_printit_free_printable_sheet_music/waves-of-the-danube-piano.php,Classical,Level 3,pdf_files/Level_3/waves-of-the-danube-piano.pdf,https://makingmusicfun.net/pdf/sheet_music/waves-of-the-danube-piano.pdf
It Came Upon a Midnight Clear,https://makingmusicfun.net/htm/f_printit_free_printable_sheet_music/it-came-upon-a-midnight-clear-piano.php,Christmas,Level 4,pdf_files/Level_4/it-came-upon-a-midnight-clear-piano.pdf,https://makingmusicfun.net/pdf/sheet_music/it-came-upon-a-midnight-clear-piano.pdf
The Irish Washerwoman,https://makingmusicfun.net/htm/f_printit_free_printable_sheet_music/the-irish-washerwoman.php,Celtic,Level 4,pdf_files/Level_4/irish-washerwoman.pdf,https://makingmusicfun.net/pdf/sheet_music/irish-washerwoman.pdf
Clarinet Concerto (Theme),https://makingmusicfun.net/htm/f_printit_free_printable_sheet_music/mozart-clarinet-concerto-piano.php,Mozart,Level 3,pdf_files/Level_3/mozart-clarinet-concerto-piano.pdf,https://makingmusicfun.net/pdf/sheet_music/mozart-clarinet-concerto-piano.pdf
"Russian Folk Song, Op. 107, No. 7",https://makingmusicfun.net/htm/f_printit_free_printable_sheet_music/russian-folk-song-no7-piano.php,Beethoven,Level 3,pdf_files/Level_3/russian-folk-song-no7-piano.pdf,https://makingmusicfun.net/pdf/sheet_music/russian-folk-song-no7-piano.pdf
F Major Scale and Arpeggio,https://makingmusicfun.net/htm/f_printit_free_printable_sheet_music/f-major-piano.php,Scales,Level 3,pdf_files/Level_3/f-major-piano.pdf,https://makingmusicfun.net/pdf/sheet_music/f-major-piano.pdf
Prelude from Carmen (Bizet),https://makingmusicfun.net/htm/f_printit_free_printable_sheet_music/prelude-from-carmen.php,Classical,Level 4,pdf_files/Level_4/prelude-from-carmen.pdf,https://makingmusicfun.net/pdf/sheet_music/prelude-from-carmen.pdf
Tarantella,https://makingmusicfun.net/htm/f_printit_free_printable_sheet_music/tarantella-beginner-piano.php,MMF Original,Level 1,pdf_files/Level_1/tarantella-beginner-piano.pdf,https://makingmusicfun.net/pdf/sheet_music/tarantella-beginner-piano.pdf
Waltzing Matilda,https://makingmusicfun.net/htm/f_printit_free_printable_sheet_music/waltzing-matilda-piano.php,no_category,Level 1,pdf_files/Level_1/waltzing-matilda-beginner-piano.pdf,https://makingmusicfun.net/pdf/sheet_music/waltzing-matilda-beginner-piano.pdf
"Peter, Peter Pumpkin Eater",https://makingmusicfun.net/htm/f_printit_free_printable_sheet_music/peter-peter-piano.php,Nursery Rhyme,Level 1,pdf_files/Level_1/peter-peter-piano.pdf,https://makingmusicfun.net/pdf/sheet_music/peter-peter-piano.pdf
All Hail the Power of Jesus' Name,https://makingmusicfun.net/htm/f_printit_free_printable_sheet_music/all-hail-the-power-piano.php,Christian,Level 3,pdf_files/Level_3/all-hail-the-power-piano.pdf,https://makingmusicfun.net/pdf/sheet_music/all-hail-the-power-piano.pdf
For the Beauty of the Earth,https://makingmusicfun.net/htm/f_printit_free_printable_sheet_music/for-the-beauty-of-the-earth-piano.php,Christian,Level 3,pdf_files/Level_3/for-the-beauty-of-the-earth-piano.pdf,https://makingmusicfun.net/pdf/sheet_music/for-the-beauty-of-the-earth-piano.pdf
Brother John,https://makingmusicfun.net/htm/f_printit_free_printable_sheet_music/brother-john-piano.php,Nursery Rhyme,Level 1,pdf_files/Level_1/brother-john-piano.pdf,https://makingmusicfun.net/pdf/sheet_music/brother-john-piano.pdf
Volga Boatman,https://makingmusicfun.net/htm/f_printit_free_printable_sheet_music/volga-boatman-piano-solo.php,no_category,Level 2,pdf_files/Level_2/volga-boatman-piano-solo.pdf,https://makingmusicfun.net/pdf/sheet_music/volga-boatman-piano-solo.pdf
Rondeau (Masterpiece Theater),https://makingmusicfun.net/htm/f_printit_free_printable_sheet_music/rondeau-piano.php,Classical,Level 5,pdf_files/Level_5/rondeau-piano.pdf,https://makingmusicfun.net/pdf/sheet_music/rondeau-piano.pdf
Dance of the Hours (Fantasia),https://makingmusicfun.net/htm/f_printit_free_printable_sheet_music/dance-of-the-hours-piano.php,Classical,Level 3,pdf_files/Level_3/dance-of-the-hours-piano.pdf,https://makingmusicfun.net/pdf/sheet_music/dance-of-the-hours-piano.pdf
The Galway Piper (Irish),https://makingmusicfun.net/htm/f_printit_free_printable_sheet_music/the-galway-piper.php,Celtic,Level 2,pdf_files/Level_2/galway-piper.pdf,https://makingmusicfun.net/pdf/sheet_music/galway-piper.pdf
Funeral March,https://makingmusicfun.net/htm/f_printit_free_printable_sheet_music/funeral-march-piano-solo-mozart.php,Mozart,Level 4,pdf_files/Level_4/mozart-funeral-march-piano-solo.pdf,https://makingmusicfun.net/pdf/sheet_music/mozart-funeral-march-piano-solo.pdf
Night on Bald Mountain (Fantasia),https://makingmusicfun.net/htm/f_printit_free_printable_sheet_music/bald-mountain-piano.php,Classical,Level 5,pdf_files/Level_5/bald-mountain-piano.pdf,https://makingmusicfun.net/pdf/sheet_music/bald-mountain-piano.pdf
Tarantella (Pieczonka),https://makingmusicfun.net/htm/f_printit_free_printable_sheet_music/tarantella-piano.php,no_category,Level 5,pdf_files/Level_5/tarantella-piano.pdf,https://makingmusicfun.net/pdf/sheet_music/tarantella-piano.pdf
Polovetzian Dance No. 17 (Borodin),https://makingmusicfun.net/htm/f_printit_free_printable_sheet_music/polovetzian-dance.php,Classical,Level 3,pdf_files/Level_3/polovetzian-dance.pdf,https://makingmusicfun.net/pdf/sheet_music/polovetzian-dance.pdf
The Wild Horseman (Schumann),https://makingmusicfun.net/htm/f_printit_free_printable_sheet_music/the_wild_horseman_piano.php,Classical,Level 5,pdf_files/Level_5/the_wild_horseman_piano.pdf,https://makingmusicfun.net/pdf/sheet_music/the_wild_horseman_piano.pdf
Egyptian Dance (Saint-Saëns),https://makingmusicfun.net/htm/f_printit_free_printable_sheet_music/egyptian_dance_piano.php,Classical,Level 3,pdf_files/Level_3/egyptian-dance-piano.pdf,https://makingmusicfun.net/pdf/sheet_music/egyptian-dance-piano.pdf
"Waltz in Ab, Op. 39, No. 15",https://makingmusicfun.net/htm/f_printit_free_printable_sheet_music/brahms-waltz-piano-solo.php,Brahms,Level 3,pdf_files/Level_3/brahms-waltz-piano-solo.pdf,https://makingmusicfun.net/pdf/sheet_music/brahms-waltz-piano-solo.pdf
A Mighty Fortress is Our God (Luther),https://makingmusicfun.net/htm/f_printit_free_printable_sheet_music/a-mighty-fortress-piano.php,Christian,Level 3,pdf_files/Level_3/a-mighty-fortress-piano.pdf,https://makingmusicfun.net/pdf/sheet_music/a-mighty-fortress-piano.pdf
Cinderella (Dressed in Yella),https://makingmusicfun.net/htm/f_printit_free_printable_sheet_music/cinderella-piano.php,no_category,Level 1,pdf_files/Level_1/cinderella-piano.pdf,https://makingmusicfun.net/pdf/sheet_music/cinderella-piano.pdf
Beyond That Star,https://makingmusicfun.net/htm/f_printit_free_printable_sheet_music/beyond-that-star-piano.php,MMF Original,Level 5,pdf_files/Level_5/beyond-that-star-piano.pdf,https://makingmusicfun.net/pdf/sheet_music/beyond-that-star-piano.pdf
The Farmer in the Dell,https://makingmusicfun.net/htm/f_printit_free_printable_sheet_music/the-farmer-in-the-dell-piano-solo.php,Nursery Rhyme,Level 1,pdf_files/Level_1/the-farmer-in-the-dell-piano-solo.pdf,https://makingmusicfun.net/pdf/sheet_music/the-farmer-in-the-dell-piano-solo.pdf
Funeral March of a Marionette (Gounod),https://makingmusicfun.net/htm/f_printit_free_printable_sheet_music/march-of-the-marionette-piano.php,Classical,Level 4,pdf_files/Level_4/march-of-the-marionette-piano.pdf,https://makingmusicfun.net/pdf/sheet_music/march-of-the-marionette-piano.pdf
Do Lord,https://makingmusicfun.net/htm/f_printit_free_printable_sheet_music/do-lord-piano.php,Christian,Level 2,pdf_files/Level_2/do-lord-piano.pdf,https://makingmusicfun.net/pdf/sheet_music/do-lord-piano.pdf
Spinning Song (Ellmenreich),https://makingmusicfun.net/htm/f_printit_free_printable_sheet_music/spinning-song.php,Classical,Level 2,pdf_files/Level_2/spinning-song.pdf,https://makingmusicfun.net/pdf/sheet_music/spinning-song.pdf
Trumpet Tune (Clark),https://makingmusicfun.net/htm/f_printit_free_printable_sheet_music/trumpet-tune.php,Classical,Level 1,pdf_files/Level_1/trumpet-tune.pdf,https://makingmusicfun.net/pdf/sheet_music/trumpet-tune.pdf
Minuet in G (2),https://makingmusicfun.net/htm/f_printit_free_printable_sheet_music/minuet-in-g-major-piano.php,Bach,Level 5,pdf_files/Level_5/minuet-in-g-major-piano.pdf,https://makingmusicfun.net/pdf/sheet_music/minuet-in-g-major-piano.pdf
Barber of Seville (Rossini),https://makingmusicfun.net/htm/f_printit_free_printable_sheet_music/barber-of-seville-piano.php,Classical,Level 4,pdf_files/Level_4/barber-of-seville-piano.pdf,https://makingmusicfun.net/pdf/sheet_music/barber-of-seville-piano.pdf
Sweetly Sings the Donkey,https://makingmusicfun.net/htm/f_printit_free_printable_sheet_music/the-donkey-piano.php,no_category,Level 1,pdf_files/Level_1/the-donkey-piano.pdf,https://makingmusicfun.net/pdf/sheet_music/the-donkey-piano.pdf
Minka,https://makingmusicfun.net/htm/f_printit_free_printable_sheet_music/minka-piano.php,no_category,Level 1,pdf_files/Level_1/minka-piano.pdf,https://makingmusicfun.net/pdf/sheet_music/minka-piano.pdf
Too-Ra-Loo-Ra-Loo-Ral,https://makingmusicfun.net/htm/f_printit_free_printable_sheet_music/irish-lullaby-piano-solo.php,Celtic,Level 4,pdf_files/Level_4/irish-lullaby-piano-solo.pdf,https://makingmusicfun.net/pdf/sheet_music/irish-lullaby-piano-solo.pdf
Go Tell Aunt Rhodie,https://makingmusicfun.net/htm/f_printit_free_printable_sheet_music/go-tell-aunt-rhodie-piano.php,Mother Goose,Level 1,pdf_files/Level_1/go-tell-aunt-rhodie-piano.pdf,https://makingmusicfun.net/pdf/sheet_music/go-tell-aunt-rhodie-piano.pdf
John Jacob Jingleheimer Schmidt,https://makingmusicfun.net/htm/f_printit_free_printable_sheet_music/john-jacob-jingleheimer-schmidt-piano.php,no_category,Level 2,pdf_files/Level_2/john-jacob-jingleheimer-schmidt-piano.pdf,https://makingmusicfun.net/pdf/sheet_music/john-jacob-jingleheimer-schmidt-piano.pdf
One Fine Day (Madame Butterfly),https://makingmusicfun.net/htm/f_printit_free_printable_sheet_music/madame-butterfly-piano.php,Classical,Level 3,pdf_files/Level_3/madame-butterfly-piano.pdf,https://makingmusicfun.net/pdf/sheet_music/madame-butterfly-piano.pdf
"Bring a Torch, Jeanette, Isabella",https://makingmusicfun.net/htm/f_printit_free_printable_sheet_music/jeannette-isabella-piano-solo.php,Christmas,Level 4,pdf_files/Level_4/jeannette-isabella-piano-solo.pdf,https://makingmusicfun.net/pdf/sheet_music/jeannette-isabella-piano-solo.pdf
All Creatures of Our God and King,https://makingmusicfun.net/htm/f_printit_free_printable_sheet_music/all_creatures_piano.php,Christian,Level 4,pdf_files/Level_4/all_creatures_piano.pdf,https://makingmusicfun.net/pdf/sheet_music/all_creatures_piano.pdf
Crown Him with Many Crowns,https://makingmusicfun.net/htm/f_printit_free_printable_sheet_music/crown-him-piano.php,Christian,Level 3,pdf_files/Level_3/crown-him-piano.pdf,https://makingmusicfun.net/pdf/sheet_music/crown-him-piano.pdf
"Praise to the Lord, the Almighty",https://makingmusicfun.net/htm/f_printit_free_printable_sheet_music/praise-to-the-lord-piano.php,Christian,Level 3,pdf_files/Level_3/praise-to-the-lord-piano.pdf,https://makingmusicfun.net/pdf/sheet_music/praise-to-the-lord-piano.pdf
A Tisket A Tasket,https://makingmusicfun.net/htm/f_printit_free_printable_sheet_music/a-tisket-a-tasket-piano.php,no_category,Level 2,pdf_files/Level_2/a-tisket-a-tasket-piano.pdf,https://makingmusicfun.net/pdf/sheet_music/a-tisket-a-tasket-piano.pdf
"It's Raining, It's Pouring",https://makingmusicfun.net/htm/f_printit_free_printable_sheet_music/its_raining_piano.php,Mother Goose,Level 2,pdf_files/Level_2/its-raining-piano.pdf,https://makingmusicfun.net/pdf/sheet_music/its-raining-piano.pdf
Li'l Liza Jane,https://makingmusicfun.net/htm/f_printit_free_printable_sheet_music/lil-liza-jane-piano-solo.php,no_category,Level 2,pdf_files/Level_2/lil-liza-jane-piano-solo.pdf,https://makingmusicfun.net/pdf/sheet_music/lil-liza-jane-piano-solo.pdf
A Winter's Eve (Fling),https://makingmusicfun.net/htm/f_printit_free_printable_sheet_music/a-winters-eve-piano-solo.php,MMF Original,Level 4,pdf_files/Level_4/a-winters-eve-piano-solo.pdf,https://makingmusicfun.net/pdf/sheet_music/a-winters-eve-piano-solo.pdf
Little Green Frog (Galumph),https://makingmusicfun.net/htm/f_printit_free_printable_sheet_music/little_green_frog_piano.php,Nursery Rhyme,Level 1,pdf_files/Level_1/little_green_frog_piano.pdf,https://makingmusicfun.net/pdf/sheet_music/little_green_frog_piano.pdf
Rage Over a Lost Penny,https://makingmusicfun.net/htm/f_printit_free_printable_sheet_music/rage-over-a-lost-penny-piano.php,Beethoven,Level 5,pdf_files/Level_5/rage-over-a-lost-penny-piano.pdf,https://makingmusicfun.net/pdf/sheet_music/rage-over-a-lost-penny-piano.pdf
Scheherezade (Rimsky-Korsakov),https://makingmusicfun.net/htm/f_printit_free_printable_sheet_music/scheherezade-piano.php,Classical,Level 3,pdf_files/Level_3/scheherezade-piano.pdf,https://makingmusicfun.net/pdf/sheet_music/scheherezade-piano.pdf
Six Little Ducks,https://makingmusicfun.net/htm/f_printit_free_printable_sheet_music/six-little-ducks-piano-solo.php,Mother Goose,Level 2,pdf_files/Level_2/six-little-ducks-piano-solo.pdf,https://makingmusicfun.net/pdf/sheet_music/six-little-ducks-piano-solo.pdf
Mary Ann,https://makingmusicfun.net/htm/f_printit_free_printable_sheet_music/mary-ann-piano.php,no_category,Level 2,pdf_files/Level_2/mary-ann-piano.pdf,https://makingmusicfun.net/pdf/sheet_music/mary-ann-piano.pdf
Irish Washerwoman,https://makingmusicfun.net/htm/f_printit_free_printable_sheet_music/irish-washerwoman-easy-piano-solo.php,Celtic,Level 2,pdf_files/Level_2/irish-washerwoman-easy-piano-solo.pdf,https://makingmusicfun.net/pdf/sheet_music/irish-washerwoman-easy-piano-solo.pdf
Sippin' Cider Through a Straw,https://makingmusicfun.net/htm/f_printit_free_printable_sheet_music/sippin-cider-piano.php,no_category,Level 2,pdf_files/Level_2/sippin-cider-piano.pdf,https://makingmusicfun.net/pdf/sheet_music/sippin-cider-piano.pdf
The Mulberry Bush,https://makingmusicfun.net/htm/f_printit_free_printable_sheet_music/mulberry-bush-piano.php,Nursery Rhyme,Level 2,pdf_files/Level_2/mulberry-bush-piano.pdf,https://makingmusicfun.net/pdf/sheet_music/mulberry-bush-piano.pdf
Pick a Bale of Cotton,https://makingmusicfun.net/htm/f_printit_free_printable_sheet_music/pick-a-bale-of-cotton-piano.php,no_category,Level 2,pdf_files/Level_2/pick-a-bale-of-cotton-piano.pdf,https://makingmusicfun.net/pdf/sheet_music/pick-a-bale-of-cotton-piano.pdf
On the Bridge of Avignon,https://makingmusicfun.net/htm/f_printit_free_printable_sheet_music/bridge-of-avignon-piano.php,no_category,Level 2,pdf_files/Level_2/bridge-of-avignon-piano.pdf,https://makingmusicfun.net/pdf/sheet_music/bridge-of-avignon-piano.pdf
The Old Gray Mare,https://makingmusicfun.net/htm/f_printit_free_printable_sheet_music/old-gray-mare-piano.php,no_category,Level 1,pdf_files/Level_1/old-gray-mare-piano.pdf,https://makingmusicfun.net/pdf/sheet_music/old-gray-mare-piano.pdf
Song of the Bluebird,https://makingmusicfun.net/htm/f_printit_free_printable_sheet_music/song-of-the-bluebird-piano.php,no_category,Level 2,pdf_files/Level_2/song-of-the-bluebird-piano.pdf,https://makingmusicfun.net/pdf/sheet_music/song-of-the-bluebird-piano.pdf
Arkansas Traveler (Faulkner),https://makingmusicfun.net/htm/f_printit_free_printable_sheet_music/arkansas-traveler-piano.php,no_category,Level 3,pdf_files/Level_3/arkansas-traveler-piano.pdf,https://makingmusicfun.net/pdf/sheet_music/arkansas-traveler-piano.pdf
Michael Finnegan,https://makingmusicfun.net/htm/f_printit_free_printable_sheet_music/michael-finnegan-piano-solo.php,Celtic,Level 2,pdf_files/Level_2/michael-finnegan-for-piano-solo.pdf,https://makingmusicfun.net/pdf/sheet_music/michael-finnegan-for-piano-solo.pdf
Old King Cole,https://makingmusicfun.net/htm/f_printit_free_printable_sheet_music/old-king-cole-piano-solo.php,Mother Goose,Level 2,pdf_files/Level_2/old-king-cole-piano-solo.pdf,https://makingmusicfun.net/pdf/sheet_music/old-king-cole-piano-solo.pdf
All the Pretty Little Horses,https://makingmusicfun.net/htm/f_printit_free_printable_sheet_music/pretty-little-horses-beginner-piano.php,Nursery Rhyme,Level 1,pdf_files/Level_1/pretty-little-horses-beginner-piano.pdf,https://makingmusicfun.net/pdf/sheet_music/pretty-little-horses-beginner-piano.pdf
"Boom, Boom, Indian Drum",https://makingmusicfun.net/htm/f_printit_free_printable_sheet_music/boom-boom-indian-drum-piano.php,MMF Original,Level 2,pdf_files/Level_2/boom-boom-indian-drum-piano.pdf,https://makingmusicfun.net/pdf/sheet_music/boom-boom-indian-drum-piano.pdf
The Minstrel Boy (Moore),https://makingmusicfun.net/htm/f_printit_free_printable_sheet_music/the-minstrel-boy-piano-solo.php,Celtic,Level 5,pdf_files/Level_5/minstrel-boy-piano-solo.pdf,https://makingmusicfun.net/pdf/sheet_music/minstrel-boy-piano-solo.pdf
Sing a Song of Sixpence,https://makingmusicfun.net/htm/f_printit_free_printable_sheet_music/sixpence-piano.php,Mother Goose,Level 2,pdf_files/Level_2/sixpence-piano.pdf,https://makingmusicfun.net/pdf/sheet_music/sixpence-piano.pdf
Aiken Drum,https://makingmusicfun.net/htm/f_printit_free_printable_sheet_music/aiken-drum-piano.php,Celtic,Level 2,pdf_files/Level_2/aiken-drum-piano.pdf,https://makingmusicfun.net/pdf/sheet_music/aiken-drum-piano.pdf
A Pirate I Am (Fling),https://makingmusicfun.net/htm/f_printit_free_printable_sheet_music/a-pirate-i-am-easy-piano.php,MMF Original,Level 3,pdf_files/Level_3/a-pirate-i-am-easy-piano.pdf,https://makingmusicfun.net/pdf/sheet_music/a-pirate-i-am-easy-piano.pdf
We Love You America,https://makingmusicfun.net/htm/f_printit_free_printable_sheet_music/we-love-you-america-piano.php,Patriotic,Level 1,pdf_files/Level_1/we-love-you-america-piano.pdf,https://makingmusicfun.net/pdf/sheet_music/we-love-you-america-piano.pdf
The Kerry Dance,https://makingmusicfun.net/htm/f_printit_free_printable_sheet_music/the-kerry-dance.php,Celtic,Level 3,pdf_files/Level_3/kerry-dance.pdf,https://makingmusicfun.net/pdf/sheet_music/kerry-dance.pdf
"Boom, Boom, Ain't It Great To Be Crazy?",https://makingmusicfun.net/htm/f_printit_free_printable_sheet_music/boom-boom-aint-it-great-to-be-crazy-piano-solo.php,no_category,Level 2,pdf_files/Level_2/boom-boom-aint-it-great-to-be-crazy-easy-piano-solo.pdf,https://makingmusicfun.net/pdf/sheet_music/boom-boom-aint-it-great-to-be-crazy-easy-piano-solo.pdf
A Little Dance (Kabalevsky),https://makingmusicfun.net/htm/f_printit_free_printable_sheet_music/kabalevsky-dance-piano-solo.php,Classical,Level 2,pdf_files/Level_2/kabalevsky-dance-piano-solo.pdf,https://makingmusicfun.net/pdf/sheet_music/kabalevsky-dance-piano-solo.pdf
"Eternal Father, Strong to Save",https://makingmusicfun.net/htm/f_printit_free_printable_sheet_music/eternal-father-piano.php,Christian,Level 3,pdf_files/Level_3/eternal-father-piano.pdf,https://makingmusicfun.net/pdf/sheet_music/eternal-father-piano.pdf
Hoedown,https://makingmusicfun.net/htm/f_printit_free_printable_sheet_music/hoedown-piano.php,MMF Original,Level 5,pdf_files/Level_5/hoedown-piano.pdf,https://makingmusicfun.net/pdf/sheet_music/hoedown-piano.pdf
Erie Canal,https://makingmusicfun.net/htm/f_printit_free_printable_sheet_music/erie-canal-piano.php,no_category,Level 3,pdf_files/Level_3/erie-canal-piano.pdf,https://makingmusicfun.net/pdf/sheet_music/erie-canal-piano.pdf
Beriozka (The Birch Tree),https://makingmusicfun.net/htm/f_printit_free_printable_sheet_music/the-birch-tree-piano.php,no_category,Level 2,pdf_files/Level_2/the-birch-tree-piano.pdf,https://makingmusicfun.net/pdf/sheet_music/the-birch-tree-piano.pdf
Coulter's Candy,https://makingmusicfun.net/htm/f_printit_free_printable_sheet_music/coulters-candy-piano.php,Celtic,Level 2,pdf_files/Level_2/coulters-candy-piano.pdf,https://makingmusicfun.net/pdf/sheet_music/coulters-candy-piano.pdf
"Goodbye, Old Paint",https://makingmusicfun.net/htm/f_printit_free_printable_sheet_music/goodbye-old-paint-piano.php,no_category,Level 2,pdf_files/Level_2/goodbye-old-paint-piano.pdf,https://makingmusicfun.net/pdf/sheet_music/goodbye-old-paint-piano.pdf
"Up in the Air, Junior Birdman",https://makingmusicfun.net/htm/f_printit_free_printable_sheet_music/junior_birdman_piano.php,no_category,Level 3,pdf_files/Level_3/junior_birdman_piano.pdf,https://makingmusicfun.net/pdf/sheet_music/junior_birdman_piano.pdf
"Come, Thou All Mighty King",https://makingmusicfun.net/htm/f_printit_free_printable_sheet_music/come-thou-almighty-king-piano.php,Christian,Level 3,pdf_files/Level_3/come-thou-almighty-king-piano.pdf,https://makingmusicfun.net/pdf/sheet_music/come-thou-almighty-king-piano.pdf
Le Carrousel,https://makingmusicfun.net/htm/f_printit_free_printable_sheet_music/le-carrousel-piano.php,MMF Original,Level 4,pdf_files/Level_4/le-carrousel-piano.pdf,https://makingmusicfun.net/pdf/sheet_music/le-carrousel-piano.pdf
Run from the Farmer,https://makingmusicfun.net/htm/f_printit_free_printable_sheet_music/run-from-the-farmer-piano.php,MMF Original,Level 2,pdf_files/Level_2/run-from-the-farmer-piano.pdf,https://makingmusicfun.net/pdf/sheet_music/run-from-the-farmer-piano.pdf
Carousel,https://makingmusicfun.net/htm/f_printit_free_printable_sheet_music/carousel-piano.php,no_category,Level 3,pdf_files/Level_3/carousel-piano.pdf,https://makingmusicfun.net/pdf/sheet_music/carousel-piano.pdf
Solfeggietto (CPE Bach),https://makingmusicfun.net/htm/f_printit_free_printable_sheet_music/solfeggietto.php,Classical,Level 4,pdf_files/Level_4/solfeggietto.pdf,https://makingmusicfun.net/pdf/sheet_music/solfeggietto.pdf
The Three Ravens,https://makingmusicfun.net/htm/f_printit_free_printable_sheet_music/three-ravens-piano.php,no_category,Level 3,pdf_files/Level_3/three-ravens-piano.pdf,https://makingmusicfun.net/pdf/sheet_music/three-ravens-piano.pdf
Who Built the Ark?,https://makingmusicfun.net/htm/f_printit_free_printable_sheet_music/who-built-the-ark-piano.php,Christian,Level 2,pdf_files/Level_2/who-built-the-ark-piano.pdf,https://makingmusicfun.net/pdf/sheet_music/who-built-the-ark-piano.pdf
Keel Row,https://makingmusicfun.net/htm/f_printit_free_printable_sheet_music/keel-row-piano.php,Celtic,Level 5,pdf_files/Level_5/keel-row-piano.pdf,https://makingmusicfun.net/pdf/sheet_music/keel-row-piano.pdf
Zum Gali Gali (Israeli),https://makingmusicfun.net/htm/f_printit_free_printable_sheet_music/zum-gali-gali-piano.php,no_category,Level 2,pdf_files/Level_2/zum-gali-gali-piano.pdf,https://makingmusicfun.net/pdf/sheet_music/zum-gali-gali-piano.pdf
"Git Along, Little Dogies (Whoopie Ti Yi Yo)",https://makingmusicfun.net/htm/f_printit_free_printable_sheet_music/git-along-little-dogies-piano.php,no_category,Level 2,pdf_files/Level_2/git-along-little-dogies-piano.pdf,https://makingmusicfun.net/pdf/sheet_music/git-along-little-dogies-piano.pdf
A New Life to Love,https://makingmusicfun.net/htm/f_printit_free_printable_sheet_music/a-new-life-to-love-piano.php,MMF Original,Level 5,pdf_files/Level_5/a-new-life-to-love-piano.pdf,https://makingmusicfun.net/pdf/sheet_music/a-new-life-to-love-piano.pdf
The Campbells Are Coming,https://makingmusicfun.net/htm/f_printit_free_printable_sheet_music/the-campbells-are-coming-piano-solo.php,Celtic,Level 3,pdf_files/Level_3/the-campbells-are-coming-piano-solo.pdf,https://makingmusicfun.net/pdf/sheet_music/the-campbells-are-coming-piano-solo.pdf
Catch the Villain (Fling),https://makingmusicfun.net/htm/f_printit_free_printable_sheet_music/catch-the-villian-piano.php,MMF Original,Level 3,pdf_files/Level_3/catch-the-villian-piano.pdf,https://makingmusicfun.net/pdf/sheet_music/catch-the-villian-piano.pdf
A Pirate I Am,https://makingmusicfun.net/htm/f_printit_free_printable_sheet_music/a-pirate-i-am-piano.php,MMF Original,Level 5,pdf_files/Level_5/a-pirate-i-am-piano.pdf,https://makingmusicfun.net/pdf/sheet_music/a-pirate-i-am-piano.pdf
Firelight and Starglow,https://makingmusicfun.net/htm/f_printit_free_printable_sheet_music/firelight-and-starglow-piano.php,MMF Original,Level 5,pdf_files/Level_5/firelight-and-starglow-piano.pdf,https://makingmusicfun.net/pdf/sheet_music/firelight-and-starglow-piano.pdf
Wee Falorie Man,https://makingmusicfun.net/htm/f_printit_free_printable_sheet_music/wee-falorie-man-piano.php,Celtic,Level 2,pdf_files/Level_2/wee-falorie-man-piano.pdf,https://makingmusicfun.net/pdf/sheet_music/wee-falorie-man-piano.pdf
Pretty Little Dutch Girl,https://makingmusicfun.net/htm/f_printit_free_printable_sheet_music/pretty-little-dutch-girl-piano.php,Nursery Rhyme,Level 2,pdf_files/Level_2/pretty-little-dutch-girl-piano.pdf,https://makingmusicfun.net/pdf/sheet_music/pretty-little-dutch-girl-piano.pdf
My Ma Gave Me a Nickel,https://makingmusicfun.net/htm/f_printit_free_printable_sheet_music/my-ma-gave-me-a-nickel-piano-solo.php,no_category,Level 2,pdf_files/Level_2/my-ma-gave-me-a-nickel-piano-solo.pdf,https://makingmusicfun.net/pdf/sheet_music/my-ma-gave-me-a-nickel-piano-solo.pdf
Doctor Foster,https://makingmusicfun.net/htm/f_printit_free_printable_sheet_music/doctor-foster-piano.php,Mother Goose,Level 2,pdf_files/Level_2/doctor-foster-piano.pdf,https://makingmusicfun.net/pdf/sheet_music/doctor-foster-piano.pdf
What's That Thing Upon Your Head?,https://makingmusicfun.net/htm/f_printit_free_printable_sheet_music/whats-that-thing-piano.php,MMF Original,Level 2,pdf_files/Level_2/whats-that-thing-piano.pdf,https://makingmusicfun.net/pdf/sheet_music/whats-that-thing-piano.pdf
"Camel Hump, Funny Bump",https://makingmusicfun.net/htm/f_printit_free_printable_sheet_music/camel-hump-funny-bump-piano.php,MMF Original,Level 2,pdf_files/Level_2/camel-hump-funny-bump-piano.pdf,https://makingmusicfun.net/pdf/sheet_music/camel-hump-funny-bump-piano.pdf
Willow Creek,https://makingmusicfun.net/htm/f_printit_free_printable_sheet_music/willow-creek-piano.php,MMF Original,Level 5,pdf_files/Level_5/willow-creek-piano.pdf,https://makingmusicfun.net/pdf/sheet_music/willow-creek-piano.pdf
