title,url,category,level
Für Elise,https://makingmusicfun.net/htm/f_printit_free_printable_sheet_music/fur-elise.php,Beethoven,Level 3
Carol of the Bells,https://makingmusicfun.net/htm/f_printit_free_printable_sheet_music/carol-of-the-bells-beginner-piano.php,Christmas,Level 1
Amazing Grace,https://makingmusicfun.net/htm/f_printit_free_printable_sheet_music/amazing-grace-easy-piano.php,Christian,Level 1
"O Come, O Come Emmanuel",https://makingmusicfun.net/htm/f_printit_free_printable_sheet_music/o-come-emmanuel-piano.php,Christmas,Level 2
Mary Had A Little Lamb,https://makingmusicfun.net/htm/f_printit_free_printable_sheet_music/mary_had_a_little_lamb_piano.php,Nursery Rhyme,Level 1
Happy Birthday,https://makingmusicfun.net/htm/f_printit_free_printable_sheet_music/happy-birthday-easy-piano.php,no_category,Level 1
Minuet in G,https://makingmusicfun.net/htm/f_printit_free_printable_sheet_music/minuet-in-g.php,Bach,Level 1
March from the Nutcracker,https://makingmusicfun.net/htm/f_printit_free_printable_sheet_music/nutcracker-march-piano-solo.php,Tchaikovsky,Level 5
"Twinkle, Twinkle Little Star",https://makingmusicfun.net/htm/f_printit_free_printable_sheet_music/twinkle-twinkle-little-star-piano-solo.php,Nursery Rhyme,Level 2
Old MacDonald,https://makingmusicfun.net/htm/f_printit_free_printable_sheet_music/old-macdonald-piano-solo.php,Nursery Rhyme,Level 1
Canon in D (Pachelbel),https://makingmusicfun.net/htm/f_printit_free_printable_sheet_music/canon-in-d.php,Classical,Level 5
"Go, Tell It On The Mountain",https://makingmusicfun.net/htm/f_printit_free_printable_sheet_music/go-tell-it-on-the-mountain-beginner-piano.php,Christmas,Level 1
This Little Light of Mine,https://makingmusicfun.net/htm/f_printit_free_printable_sheet_music/this-little-light-of-mine-piano-solo.php,Christian,Level 2
Good King Wenceslas,https://makingmusicfun.net/htm/f_printit_free_printable_sheet_music/good-king-wenceslas-piano-solo.php,Christmas,Level 1
Air,https://makingmusicfun.net/htm/f_printit_free_printable_sheet_music/air-mozart-piano.php,Mozart,Level 2
O Christmas Tree,https://makingmusicfun.net/htm/f_printit_free_printable_sheet_music/o-christmas-tree-piano-solo.php,Christmas,Level 4
Au Clair de la Lune,https://makingmusicfun.net/htm/f_printit_free_printable_sheet_music/au-clair-de-la-lune-piano-solo.php,Nursery Rhyme,Level 1
When the Saints Go Marching In,https://makingmusicfun.net/htm/f_printit_free_printable_sheet_music/when-the-saints-go-marching-in-piano-solo.php,Jazz,Level 2
Theme from Symphony No. 40 in G Minor,https://makingmusicfun.net/htm/f_printit_free_printable_sheet_music/mozart-symphony-fourty-piano.php,Mozart,Level 5
Maple Leaf Rag,https://makingmusicfun.net/htm/f_printit_free_printable_sheet_music/maple-leaf-rag.php,Joplin,Level 3
Auld Lang Syne,https://makingmusicfun.net/htm/f_printit_free_printable_sheet_music/auld-lang-syne-piano.php,no_category,Level 2
Frère Jacques,https://makingmusicfun.net/htm/f_printit_free_printable_sheet_music/frere-jacque-piano-solo.php,Nursery Rhyme,Level 1
Here Comes the Bride (Wagner),https://makingmusicfun.net/htm/f_printit_free_printable_sheet_music/here_comes_the_bride_piano.php,Classical,Level 2
Up on the Housetop,https://makingmusicfun.net/htm/f_printit_free_printable_sheet_music/up-on-the-housetop-piano-solo.php,Christmas,Level 1
Deck the Halls,https://makingmusicfun.net/htm/f_printit_free_printable_sheet_music/deck-the-halls-piano-solo.php,Christmas,Level 4
"Row, Row, Row Your Boat",https://makingmusicfun.net/htm/f_printit_free_printable_sheet_music/row_row_row_your_boat_piano.php,Mother Goose,Level 1
We Three Kings,https://makingmusicfun.net/htm/f_printit_free_printable_sheet_music/we-three-kings-piano-solo.php,Christmas,Level 1
Toccata in D Minor (Abridged),https://makingmusicfun.net/htm/f_printit_free_printable_sheet_music/toccata-easy-piano.php,Bach,Level 3
Waltz of the Flowers (The Nutcracker),https://makingmusicfun.net/htm/f_printit_free_printable_sheet_music/waltz-of-the-flowers-piano-solo.php,Tchaikovsky,Level 5
O Little Town of Bethlehem,https://makingmusicfun.net/htm/f_printit_free_printable_sheet_music/o-little-town-of-bethlehem-piano.php,Christmas,Level 5
Hark! The Herald Angels Sing (Mendelssohn),https://makingmusicfun.net/htm/f_printit_free_printable_sheet_music/hark-the-herald-angels-sing-piano.php,Christmas,Level 3
If You're Happy and You Know It,https://makingmusicfun.net/htm/f_printit_free_printable_sheet_music/if_youre_happy_piano.php,Nursery Rhyme,Level 2
Largo from New World Symphony (Dvorak),https://makingmusicfun.net/htm/f_printit_free_printable_sheet_music/new-world-symphony-piano-solo.php,Classical,Level 3
"Piano Sonata in C Major, K. 545",https://makingmusicfun.net/htm/f_printit_free_printable_sheet_music/sonata-in-c-major-piano.php,Mozart,Level 5
Be Thou My Vision,https://makingmusicfun.net/htm/f_printit_free_printable_sheet_music/be-thou-my-vision-piano.php,Christian,Level 3
Musette in D,https://makingmusicfun.net/htm/f_printit_free_printable_sheet_music/musette-easy.php,Bach,Level 1
Sonatina (Clementi),https://makingmusicfun.net/htm/f_printit_free_printable_sheet_music/sonatina.php,Classical,Level 1
Pathetique Sonata,https://makingmusicfun.net/htm/f_printit_free_printable_sheet_music/pathetique-sonata-piano.php,Beethoven,Level 5
It Is Well with My Soul,https://makingmusicfun.net/htm/f_printit_free_printable_sheet_music/it-is-well-with-my-soul-piano.php,Christian,Level 1
Arabian Dance (The Nutcracker),https://makingmusicfun.net/htm/f_printit_free_printable_sheet_music/arabian-dance-piano.php,Tchaikovsky,Level 3
Itsy Bitsy Spider,https://makingmusicfun.net/htm/f_printit_free_printable_sheet_music/itsy_bitsy_spider_piano.php,Nursery Rhyme,Level 3
"Baa, Baa, Black Sheep",https://makingmusicfun.net/htm/f_printit_free_printable_sheet_music/baa-baa-black-sheep-piano.php,Mother Goose,Level 1
Twelve Days of Christmas,https://makingmusicfun.net/htm/f_printit_free_printable_sheet_music/twelve-days-of-christmas-piano.php,Christmas,Level 3
Scarborough Fair (Simon & Garfunkel),https://makingmusicfun.net/htm/f_printit_free_printable_sheet_music/scarborough-fair-sheet-music.php,no_category,Level 3
Up on the Housetop,https://makingmusicfun.net/htm/f_printit_free_printable_sheet_music/up-on-the-housetop-piano.php,Christmas,Level 3
London Bridge,https://makingmusicfun.net/htm/f_printit_free_printable_sheet_music/london-bridge-piano-solo.php,Mother Goose,Level 1
Pomp and Circumstance (Elgar),https://makingmusicfun.net/htm/f_printit_free_printable_sheet_music/pomp-and-circumstance-piano.php,Classical,Level 4
Arabesque (Burgmüller),https://makingmusicfun.net/htm/f_printit_free_printable_sheet_music/arabesque-piano.php,Classical,Level 5
Overture to William Tell (Rossini),https://makingmusicfun.net/htm/f_printit_free_printable_sheet_music/overture-to-william-tell.php,Classical,Level 2
Jolly Old Saint Nicholas,https://makingmusicfun.net/htm/f_printit_free_printable_sheet_music/jolly-old-saint-nicholas-piano-solo.php,Christmas,Level 1
C Major Scale and Arpeggio,https://makingmusicfun.net/htm/f_printit_free_printable_sheet_music/c-major-piano.php,Scales,Level 1
Away in a Manger,https://makingmusicfun.net/htm/f_printit_free_printable_sheet_music/away-in-a-manger-piano-solo.php,Christmas,Level 3
Angels We Have Heard On High,https://makingmusicfun.net/htm/f_printit_free_printable_sheet_music/angels-we-have-heard-on-high-piano.php,Christmas,Level 3
"God Rest Ye Merry, Gentlemen",https://makingmusicfun.net/htm/f_printit_free_printable_sheet_music/god-rest-ye-merry-gentlemen-piano.php,Christmas,Level 3
"Surprise Symphony 
 (Haydn)",https://makingmusicfun.net/htm/f_printit_free_printable_sheet_music/suprise-symphony.php,Classical,Level 2
The Holly and the Ivy,https://makingmusicfun.net/htm/f_printit_free_printable_sheet_music/holly-and-the-ivy-intermediate-piano.php,Christmas,Level 3
"Oh My Darling, Clementine",https://makingmusicfun.net/htm/f_printit_free_printable_sheet_music/clementine-piano.php,no_category,Level 3
Humpty Dumpty,https://makingmusicfun.net/htm/f_printit_free_printable_sheet_music/humpty-dumpty-piano.php,Mother Goose,Level 1
Lavender's Blue,https://makingmusicfun.net/htm/f_printit_free_printable_sheet_music/lavenders_blue_piano.php,Mother Goose,Level 2
Pat-a-Pan (Monnoye),https://makingmusicfun.net/htm/f_printit_free_printable_sheet_music/pat-a-pan-piano.php,Christmas,Level 2
Morning (Grieg),https://makingmusicfun.net/htm/f_printit_free_printable_sheet_music/morning-piano.php,Classical,Level 2
Praise God from Whom All Blessing Flow,https://makingmusicfun.net/htm/f_printit_free_printable_sheet_music/praise-god-from-whom-all-blessings-flow-piano.php,Christian,Level 1
He's Got the Whole World,https://makingmusicfun.net/htm/f_printit_free_printable_sheet_music/hes-got-the-whole-world-piano.php,Christian,Level 2
The First Noël,https://makingmusicfun.net/htm/f_printit_free_printable_sheet_music/the-first-noel-piano.php,Christmas,Level 1
Hallelujah Chorus (Handel),https://makingmusicfun.net/htm/f_printit_free_printable_sheet_music/hallelujah-chorus-easy-piano-solo.php,Classical,Level 3
"Oh, Susanna (Foster)",https://makingmusicfun.net/htm/f_printit_free_printable_sheet_music/oh_susanna_piano.php,no_category,Level 2
Alouette,https://makingmusicfun.net/htm/f_printit_free_printable_sheet_music/alouette-piano-sheet-music.php,Nursery Rhyme,Level 2
Funeral March (Chopin),https://makingmusicfun.net/htm/f_printit_free_printable_sheet_music/funeral-march.php,Classical,Level 3
Malaguena (Lecuona),https://makingmusicfun.net/htm/f_printit_free_printable_sheet_music/malaguena-piano.php,Classical,Level 3
Ding Dong Merrily On High,https://makingmusicfun.net/htm/f_printit_free_printable_sheet_music/ding-dong-merrily-on-high-piano.php,Christmas,Level 3
Turkish March,https://makingmusicfun.net/htm/f_printit_free_printable_sheet_music/turkish-march-beethoven-piano.php,Beethoven,Level 2
Coventry Carol,https://makingmusicfun.net/htm/f_printit_free_printable_sheet_music/coventry-carol-piano.php,Christmas,Level 3
La Donna e Mobile (Verdi),https://makingmusicfun.net/htm/f_printit_free_printable_sheet_music/la-donna-e-mobile-piano.php,Classical,Level 3
Do You Know the Muffin Man?,https://makingmusicfun.net/htm/f_printit_free_printable_sheet_music/muffin-man-piano.php,Mother Goose,Level 1
Musette in D,https://makingmusicfun.net/htm/f_printit_free_printable_sheet_music/musette-in-d-intermediate.php,Bach,Level 5
She'll Be Coming 'Round the Mountain,https://makingmusicfun.net/htm/f_printit_free_printable_sheet_music/shell-be-coming-round-the-mountain-piano.php,no_category,Level 2
Caprice No. 24 (Paganini),https://makingmusicfun.net/htm/f_printit_free_printable_sheet_music/caprice-piano.php,Classical,Level 5
Joshua Fought the Battle of Jericho,https://makingmusicfun.net/htm/f_printit_free_printable_sheet_music/joshua-fought-the-battle-piano.php,Jazz,Level 3
All Through The Night,https://makingmusicfun.net/htm/f_printit_free_printable_sheet_music/all-through-the-night-piano-solo.php,Celtic,Level 1
Dance of the Reeds (The Nutcracker),https://makingmusicfun.net/htm/f_printit_free_printable_sheet_music/dance-of-the-reeds-piano.php,Tchaikovsky,Level 5
"Russian Folk Song, Op. 107, No. 3",https://makingmusicfun.net/htm/f_printit_free_printable_sheet_music/russian-folksong-piano.php,Beethoven,Level 3
"Sakura, Sakura (Japanese)",https://makingmusicfun.net/htm/f_printit_free_printable_sheet_music/sakura-sakura-piano-solo.php,no_category,Level 2
"Marche Slave, Op. 31",https://makingmusicfun.net/htm/f_printit_free_printable_sheet_music/march-slav.php,Tchaikovsky,Level 2
I've Got Peace Like a River,https://makingmusicfun.net/htm/f_printit_free_printable_sheet_music/peace-like-a-river-piano.php,Christian,Level 2
Minuet in G Minor,https://makingmusicfun.net/htm/f_printit_free_printable_sheet_music/minuet-in-g-minor-level-five-piano-solo.php,Bach,Level 5
Bingo,https://makingmusicfun.net/htm/f_printit_free_printable_sheet_music/bingo-piano-solo.php,Nursery Rhyme,Level 1
Itsy Bitsy Spider,https://makingmusicfun.net/htm/f_printit_free_printable_sheet_music/itsy-bitsy-spider-beginner-piano.php,Nursery Rhyme,Level 1
Here We Come A-Wassailing (English),https://makingmusicfun.net/htm/f_printit_free_printable_sheet_music/here-we-come-a-wassailing-piano.php,Christmas,Level 4
Down to the River to Pray,https://makingmusicfun.net/htm/f_printit_free_printable_sheet_music/down-to-the-river-to-pray-piano.php,Christian,Level 3
Banana Boat Song (Day-O),https://makingmusicfun.net/htm/f_printit_free_printable_sheet_music/banana_boat_song_piano.php,no_category,Level 2
Ten Little Indians,https://makingmusicfun.net/htm/f_printit_free_printable_sheet_music/ten-little-indians-piano-solo.php,Nursery Rhyme,Level 2
Hava Nagila,https://makingmusicfun.net/htm/f_printit_free_printable_sheet_music/hava-nagila-piano.php,no_category,Level 4
Morning Has Broken,https://makingmusicfun.net/htm/f_printit_free_printable_sheet_music/morning_has_broken_piano.php,Celtic,Level 4
Je Te Veux (Satie),https://makingmusicfun.net/htm/f_printit_free_printable_sheet_music/je-te-veux-piano.php,Classical,Level 3
"Waltz, Op. 39, No. 13 (Kabalevsky)",https://makingmusicfun.net/htm/f_printit_free_printable_sheet_music/kabalevsky-waltz-piano.php,Classical,Level 4
Blue Bumblebee,https://makingmusicfun.net/htm/f_printit_free_printable_sheet_music/blue-bumblebee.php,Jazz,Level 2
March of the Toreadors from Carmen (Bizet),https://makingmusicfun.net/htm/f_printit_free_printable_sheet_music/toreador-song-piano-solo.php,Classical,Level 3
"Hallelu, Hallelu",https://makingmusicfun.net/htm/f_printit_free_printable_sheet_music/hallelu-hallelu-piano.php,Christian,Level 2
Kumbaya (Come By Here),https://makingmusicfun.net/htm/f_printit_free_printable_sheet_music/kum-ba-ya-piano-solo.php,Christian,Level 2
This Old Man,https://makingmusicfun.net/htm/f_printit_free_printable_sheet_music/this-old-man-piano.php,Nursery Rhyme,Level 1
Happy Birthday,https://makingmusicfun.net/htm/f_printit_free_printable_sheet_music/happy-birthday-intermediate-piano.php,no_category,Level 4
Christ Was Born on Christmas Day,https://makingmusicfun.net/htm/f_printit_free_printable_sheet_music/christ-was-born-on-christmas-day-piano.php,Christmas,Level 2
Skater's Waltz (Waldteufel),https://makingmusicfun.net/htm/f_printit_free_printable_sheet_music/skaters-waltz-piano.php,Classical,Level 3
Pop Goes the Weasel,https://makingmusicfun.net/htm/f_printit_free_printable_sheet_music/pop-goes-the-weasel-piano-solo.php,Mother Goose,Level 2
"Twinkle, Twinkle Little Star",https://makingmusicfun.net/htm/f_printit_free_printable_sheet_music/twinkle-twinkle-little-star-beginner-piano.php,Nursery Rhyme,Level 1
"Swing Low, Sweet Chariot",https://makingmusicfun.net/htm/f_printit_free_printable_sheet_music/swing-low-sweet-chariot-piano-duet.php,Jazz,Level 5
God Is So Good,https://makingmusicfun.net/htm/f_printit_free_printable_sheet_music/god-is-so-good-piano.php,Christian,Level 1
" O Come, Little Children",https://makingmusicfun.net/htm/f_printit_free_printable_sheet_music/o-come-little-children-piano.php,Christmas,Level 3
"He is Born, the Divine Christ Child",https://makingmusicfun.net/htm/f_printit_free_printable_sheet_music/he-is-born-the-divine-christ-child-piano-duet.php,Christmas,Level 5
Hush Little Baby,https://makingmusicfun.net/htm/f_printit_free_printable_sheet_music/hush_little_baby_piano.php,no_category,Level 2
Polonaise Op. 53 (Chopin),https://makingmusicfun.net/htm/f_printit_free_printable_sheet_music/polonaise-piano-solo.php,Classical,Level 5
Jerusalem,https://makingmusicfun.net/htm/f_printit_free_printable_sheet_music/jerusalem-piano.php,Christian,Level 3
1812 Overture (Theme),https://makingmusicfun.net/htm/f_printit_free_printable_sheet_music/eighteen-twelve-overture-for-piano-solo.php,Tchaikovsky,Level 5
Lullaby and Goodnight,https://makingmusicfun.net/htm/f_printit_free_printable_sheet_music/lullaby-and-goodnight-piano.php,Brahms,Level 1
Country Gardens,https://makingmusicfun.net/htm/f_printit_free_printable_sheet_music/country-gardens-piano.php,no_category,Level 3
Shenandoah (Sea Shanty),https://makingmusicfun.net/htm/f_printit_free_printable_sheet_music/shenandoah-piano.php,no_category,Level 4
Scotland the Brave (Scottish),https://makingmusicfun.net/htm/f_printit_free_printable_sheet_music/scotland-the-brave-piano.php,Celtic,Level 2
Yankee Doodle,https://makingmusicfun.net/htm/f_printit_free_printable_sheet_music/yankee_doodle_piano.php,Patriotic,Level 1
Pavane Op.50 (Fauré),https://makingmusicfun.net/htm/f_printit_free_printable_sheet_music/pavane-piano.php,Classical,Level 5
Water Music (Handel),https://makingmusicfun.net/htm/f_printit_free_printable_sheet_music/water-music-piano.php,Classical,Level 2
Kyrie Eleison from Mass No. 12,https://makingmusicfun.net/htm/f_printit_free_printable_sheet_music/kyrie-eleison-mozart-piano.php,Mozart,Level 2
Hickory Dickory Dock,https://makingmusicfun.net/htm/f_printit_free_printable_sheet_music/hickory-dickory-dock-piano-solo.php,Mother Goose,Level 2
The B-I-B-L-E,https://makingmusicfun.net/htm/f_printit_free_printable_sheet_music/the-b-i-b-l-e-piano-solo.php,Christian,Level 2
The Sorcerer's Apprentice (Fantasia),https://makingmusicfun.net/htm/f_printit_free_printable_sheet_music/sorcerers_apprentice_piano.php,Classical,Level 5
Chinese Dance (The Nutcracker),https://makingmusicfun.net/htm/f_printit_free_printable_sheet_music/chinese-dance-piano.php,Tchaikovsky,Level 5
Hot Cross Buns,https://makingmusicfun.net/htm/f_printit_free_printable_sheet_music/hot-cross-buns-piano-solo.php,Mother Goose,Level 1
Coventry Carol,https://makingmusicfun.net/htm/f_printit_free_printable_sheet_music/coventry-carol-beginner-piano.php,Christmas,Level 1
Minuet K.2,https://makingmusicfun.net/htm/f_printit_free_printable_sheet_music/mozart-minuet-piano.php,Mozart,Level 3
America the Beautiful (Ward),https://makingmusicfun.net/htm/f_printit_free_printable_sheet_music/america-the-beautiful-piano.php,Patriotic,Level 3
Star Flight (Star Wars Tribute),https://makingmusicfun.net/htm/f_printit_free_printable_sheet_music/star-flight-piano.php,MMF Original,Level 4
Ecossaise,https://makingmusicfun.net/htm/f_printit_free_printable_sheet_music/ecossaise-piano-solo.php,Beethoven,Level 5
Radetsky March (Strauss),https://makingmusicfun.net/htm/f_printit_free_printable_sheet_music/radetzky-march-piano.php,Classical,Level 3
For He's a Jolly Good Fellow,https://makingmusicfun.net/htm/f_printit_free_printable_sheet_music/for-hes-a-jolly-good-fellow-piano.php,no_category,Level 3
Onward Christian Soldiers,https://makingmusicfun.net/htm/f_printit_free_printable_sheet_music/onward-christian-soldiers-piano.php,Christian,Level 3
G Major Scale and Arpeggio,https://makingmusicfun.net/htm/f_printit_free_printable_sheet_music/g-major-piano.php,Scales,Level 3
Snake Dance,https://makingmusicfun.net/htm/f_printit_free_printable_sheet_music/snake_dance_piano.php,no_category,Level 2
Barcarolle (Offenbach),https://makingmusicfun.net/htm/f_printit_free_printable_sheet_music/barcarolle-piano.php,Classical,Level 4
Mexican Hat Dance,https://makingmusicfun.net/htm/f_printit_free_printable_sheet_music/mexican-hat-dance-piano-solo.php,no_category,Level 1
Musette's Waltz (La Boheme),https://makingmusicfun.net/htm/f_printit_free_printable_sheet_music/musettes-waltz-piano.php,Classical,Level 3
Skip to My Lou,https://makingmusicfun.net/htm/f_printit_free_printable_sheet_music/skip-to-my-lou-piano-solo.php,no_category,Level 1
Turkey in the Straw,https://makingmusicfun.net/htm/f_printit_free_printable_sheet_music/turkey_in_the_straw_piano.php,no_category,Level 3
We Gather Together,https://makingmusicfun.net/htm/f_printit_free_printable_sheet_music/we-gather-together-piano.php,Christian,Level 3
Alexander's Ragtime Band (Berlin),https://makingmusicfun.net/htm/f_printit_free_printable_sheet_music/alexanders-ragtime-band-piano.php,Jazz,Level 4
Adeste Fideles (O Come All Ye Faithful),https://makingmusicfun.net/htm/f_printit_free_printable_sheet_music/adeste-fideles-piano-solo.php,Christmas,Level 3
Give Me Oil In My Lamp,https://makingmusicfun.net/htm/f_printit_free_printable_sheet_music/give-me-oil-in-my-lamp-piano.php,Christian,Level 3
All the Pretty Little Horses,https://makingmusicfun.net/htm/f_printit_free_printable_sheet_music/pretty-little-horses-piano.php,no_category,Level 2
Aria (Suite in D),https://makingmusicfun.net/htm/f_printit_free_printable_sheet_music/aria-suite-in-d-piano.php,Bach,Level 3
Alouette,https://makingmusicfun.net/htm/f_printit_free_printable_sheet_music/alouette-piano-duet.php,Duets,Level 2
Minuet in D Minor,https://makingmusicfun.net/htm/f_printit_free_printable_sheet_music/minuet-in-d-minor-piano.php,Bach,Level 5
Michael Row the Boat Ashore,https://makingmusicfun.net/htm/f_printit_free_printable_sheet_music/michael_row_the_boat_ashore_piano.php,no_category,Level 2
Easy Winners,https://makingmusicfun.net/htm/f_printit_free_printable_sheet_music/easy-winners-piano.php,Joplin,Level 3
Molly Malone,https://makingmusicfun.net/htm/f_printit_free_printable_sheet_music/molly-malone-sheet-music.php,Celtic,Level 3
Siciliano,https://makingmusicfun.net/htm/f_printit_free_printable_sheet_music/siciliano-bach-piano.php,Bach,Level 5
Do Your Ears Hang Low?,https://makingmusicfun.net/htm/f_printit_free_printable_sheet_music/do-your-ears-piano.php,no_category,Level 2
Dance of the Cygnets (Swan Lake),https://makingmusicfun.net/htm/f_printit_free_printable_sheet_music/dance-of-the-cygnets-piano.php,Tchaikovsky,Level 5
"Bring a Torch, Jeanette, Isabella",https://makingmusicfun.net/htm/f_printit_free_printable_sheet_music/jeannette-isabella-jazz-piano-solo.php,Christmas,Level 4
Go Down Moses,https://makingmusicfun.net/htm/f_printit_free_printable_sheet_music/go-down-moses-piano.php,Christian,Level 3
Simple Gifts (Shaker Hymn),https://makingmusicfun.net/htm/f_printit_free_printable_sheet_music/simple-gifts-piano-solo.php,no_category,Level 3
Farmer in the Dell Boogie,https://makingmusicfun.net/htm/f_printit_free_printable_sheet_music/farmer-boogie-piano-duet.php,Nursery Rhyme,Level 1
Minuet in G (Music Man),https://makingmusicfun.net/htm/f_printit_free_printable_sheet_music/beethoven-minuet-piano.php,Beethoven,Level 4
Waves of the Danube (Ivanovici),https://makingmusicfun.net/htm/f_printit_free_printable_sheet_music/waves-of-the-danube-piano.php,Classical,Level 3
It Came Upon a Midnight Clear,https://makingmusicfun.net/htm/f_printit_free_printable_sheet_music/it-came-upon-a-midnight-clear-piano.php,Christmas,Level 4
The Irish Washerwoman,https://makingmusicfun.net/htm/f_printit_free_printable_sheet_music/the-irish-washerwoman.php,Celtic,Level 4
Clarinet Concerto (Theme),https://makingmusicfun.net/htm/f_printit_free_printable_sheet_music/mozart-clarinet-concerto-piano.php,Mozart,Level 3
"Russian Folk Song, Op. 107, No. 7",https://makingmusicfun.net/htm/f_printit_free_printable_sheet_music/russian-folk-song-no7-piano.php,Beethoven,Level 3
F Major Scale and Arpeggio,https://makingmusicfun.net/htm/f_printit_free_printable_sheet_music/f-major-piano.php,Scales,Level 3
Prelude from Carmen (Bizet),https://makingmusicfun.net/htm/f_printit_free_printable_sheet_music/prelude-from-carmen.php,Classical,Level 4
Tarantella,https://makingmusicfun.net/htm/f_printit_free_printable_sheet_music/tarantella-beginner-piano.php,MMF Original,Level 1
Waltzing Matilda,https://makingmusicfun.net/htm/f_printit_free_printable_sheet_music/waltzing-matilda-piano.php,no_category,Level 1
"Peter, Peter Pumpkin Eater",https://makingmusicfun.net/htm/f_printit_free_printable_sheet_music/peter-peter-piano.php,Nursery Rhyme,Level 1
Swan Lake,https://makingmusicfun.net/htm/f_printit_free_printable_sheet_music/tchaikovsky-swan-lake-play-and-learn.php,Tchaikovsky,Level 4
All Hail the Power of Jesus' Name,https://makingmusicfun.net/htm/f_printit_free_printable_sheet_music/all-hail-the-power-piano.php,Christian,Level 3
For the Beauty of the Earth,https://makingmusicfun.net/htm/f_printit_free_printable_sheet_music/for-the-beauty-of-the-earth-piano.php,Christian,Level 3
Brother John,https://makingmusicfun.net/htm/f_printit_free_printable_sheet_music/brother-john-piano.php,Nursery Rhyme,Level 1
Volga Boatman,https://makingmusicfun.net/htm/f_printit_free_printable_sheet_music/volga-boatman-piano-solo.php,no_category,Level 2
Rondeau (Masterpiece Theater),https://makingmusicfun.net/htm/f_printit_free_printable_sheet_music/rondeau-piano.php,Classical,Level 5
Dance of the Hours (Fantasia),https://makingmusicfun.net/htm/f_printit_free_printable_sheet_music/dance-of-the-hours-piano.php,Classical,Level 3
The Galway Piper (Irish),https://makingmusicfun.net/htm/f_printit_free_printable_sheet_music/the-galway-piper.php,Celtic,Level 2
Funeral March,https://makingmusicfun.net/htm/f_printit_free_printable_sheet_music/funeral-march-piano-solo-mozart.php,Mozart,Level 4
Night on Bald Mountain (Fantasia),https://makingmusicfun.net/htm/f_printit_free_printable_sheet_music/bald-mountain-piano.php,Classical,Level 5
Tarantella (Pieczonka),https://makingmusicfun.net/htm/f_printit_free_printable_sheet_music/tarantella-piano.php,no_category,Level 5
"Ah, vous dirai-je, Maman (Twinkle, Twinkle Little Star)",https://makingmusicfun.net/htm/f_printit_free_printable_sheet_music/ah-vous-dirai-je-maman-for-piano-solo.php,Mozart,Level 5
Polovetzian Dance No. 17 (Borodin),https://makingmusicfun.net/htm/f_printit_free_printable_sheet_music/polovetzian-dance.php,Classical,Level 3
The Wild Horseman (Schumann),https://makingmusicfun.net/htm/f_printit_free_printable_sheet_music/the_wild_horseman_piano.php,Classical,Level 5
Egyptian Dance (Saint-Saëns),https://makingmusicfun.net/htm/f_printit_free_printable_sheet_music/egyptian_dance_piano.php,Classical,Level 3
"Waltz in Ab, Op. 39, No. 15",https://makingmusicfun.net/htm/f_printit_free_printable_sheet_music/brahms-waltz-piano-solo.php,Brahms,Level 3
A Mighty Fortress is Our God (Luther),https://makingmusicfun.net/htm/f_printit_free_printable_sheet_music/a-mighty-fortress-piano.php,Christian,Level 3
Cinderella (Dressed in Yella),https://makingmusicfun.net/htm/f_printit_free_printable_sheet_music/cinderella-piano.php,no_category,Level 1
Beyond That Star,https://makingmusicfun.net/htm/f_printit_free_printable_sheet_music/beyond-that-star-piano.php,MMF Original,Level 5
The Farmer in the Dell,https://makingmusicfun.net/htm/f_printit_free_printable_sheet_music/the-farmer-in-the-dell-piano-solo.php,Nursery Rhyme,Level 1
Funeral March of a Marionette (Gounod),https://makingmusicfun.net/htm/f_printit_free_printable_sheet_music/march-of-the-marionette-piano.php,Classical,Level 4
Do Lord,https://makingmusicfun.net/htm/f_printit_free_printable_sheet_music/do-lord-piano.php,Christian,Level 2
Spinning Song (Ellmenreich),https://makingmusicfun.net/htm/f_printit_free_printable_sheet_music/spinning-song.php,Classical,Level 2
Trumpet Tune (Clark),https://makingmusicfun.net/htm/f_printit_free_printable_sheet_music/trumpet-tune.php,Classical,Level 1
Minuet in G (2),https://makingmusicfun.net/htm/f_printit_free_printable_sheet_music/minuet-in-g-major-piano.php,Bach,Level 5
Barber of Seville (Rossini),https://makingmusicfun.net/htm/f_printit_free_printable_sheet_music/barber-of-seville-piano.php,Classical,Level 4
Sweetly Sings the Donkey,https://makingmusicfun.net/htm/f_printit_free_printable_sheet_music/the-donkey-piano.php,no_category,Level 1
Minka,https://makingmusicfun.net/htm/f_printit_free_printable_sheet_music/minka-piano.php,no_category,Level 1
Too-Ra-Loo-Ra-Loo-Ral,https://makingmusicfun.net/htm/f_printit_free_printable_sheet_music/irish-lullaby-piano-solo.php,Celtic,Level 4
Go Tell Aunt Rhodie,https://makingmusicfun.net/htm/f_printit_free_printable_sheet_music/go-tell-aunt-rhodie-piano.php,Mother Goose,Level 1
John Jacob Jingleheimer Schmidt,https://makingmusicfun.net/htm/f_printit_free_printable_sheet_music/john-jacob-jingleheimer-schmidt-piano.php,no_category,Level 2
One Fine Day (Madame Butterfly),https://makingmusicfun.net/htm/f_printit_free_printable_sheet_music/madame-butterfly-piano.php,Classical,Level 3
"Bring a Torch, Jeanette, Isabella",https://makingmusicfun.net/htm/f_printit_free_printable_sheet_music/jeannette-isabella-piano-solo.php,Christmas,Level 4
All Creatures of Our God and King,https://makingmusicfun.net/htm/f_printit_free_printable_sheet_music/all_creatures_piano.php,Christian,Level 4
Crown Him with Many Crowns,https://makingmusicfun.net/htm/f_printit_free_printable_sheet_music/crown-him-piano.php,Christian,Level 3
"Praise to the Lord, the Almighty",https://makingmusicfun.net/htm/f_printit_free_printable_sheet_music/praise-to-the-lord-piano.php,Christian,Level 3
A Tisket A Tasket,https://makingmusicfun.net/htm/f_printit_free_printable_sheet_music/a-tisket-a-tasket-piano.php,no_category,Level 2
"It's Raining, It's Pouring",https://makingmusicfun.net/htm/f_printit_free_printable_sheet_music/its_raining_piano.php,Mother Goose,Level 2
Li'l Liza Jane,https://makingmusicfun.net/htm/f_printit_free_printable_sheet_music/lil-liza-jane-piano-solo.php,no_category,Level 2
A Winter's Eve (Fling),https://makingmusicfun.net/htm/f_printit_free_printable_sheet_music/a-winters-eve-piano-solo.php,MMF Original,Level 4
Little Green Frog (Galumph),https://makingmusicfun.net/htm/f_printit_free_printable_sheet_music/little_green_frog_piano.php,Nursery Rhyme,Level 1
Rage Over a Lost Penny,https://makingmusicfun.net/htm/f_printit_free_printable_sheet_music/rage-over-a-lost-penny-piano.php,Beethoven,Level 5
Scheherezade (Rimsky-Korsakov),https://makingmusicfun.net/htm/f_printit_free_printable_sheet_music/scheherezade-piano.php,Classical,Level 3
Six Little Ducks,https://makingmusicfun.net/htm/f_printit_free_printable_sheet_music/six-little-ducks-piano-solo.php,Mother Goose,Level 2
Mary Ann,https://makingmusicfun.net/htm/f_printit_free_printable_sheet_music/mary-ann-piano.php,no_category,Level 2
Irish Washerwoman,https://makingmusicfun.net/htm/f_printit_free_printable_sheet_music/irish-washerwoman-easy-piano-solo.php,Celtic,Level 2
Sippin' Cider Through a Straw,https://makingmusicfun.net/htm/f_printit_free_printable_sheet_music/sippin-cider-piano.php,no_category,Level 2
The Mulberry Bush,https://makingmusicfun.net/htm/f_printit_free_printable_sheet_music/mulberry-bush-piano.php,Nursery Rhyme,Level 2
Pick a Bale of Cotton,https://makingmusicfun.net/htm/f_printit_free_printable_sheet_music/pick-a-bale-of-cotton-piano.php,no_category,Level 2
On the Bridge of Avignon,https://makingmusicfun.net/htm/f_printit_free_printable_sheet_music/bridge-of-avignon-piano.php,no_category,Level 2
The Old Gray Mare,https://makingmusicfun.net/htm/f_printit_free_printable_sheet_music/old-gray-mare-piano.php,no_category,Level 1
Song of the Bluebird,https://makingmusicfun.net/htm/f_printit_free_printable_sheet_music/song-of-the-bluebird-piano.php,no_category,Level 2
Arkansas Traveler (Faulkner),https://makingmusicfun.net/htm/f_printit_free_printable_sheet_music/arkansas-traveler-piano.php,no_category,Level 3
Michael Finnegan,https://makingmusicfun.net/htm/f_printit_free_printable_sheet_music/michael-finnegan-piano-solo.php,Celtic,Level 2
Old King Cole,https://makingmusicfun.net/htm/f_printit_free_printable_sheet_music/old-king-cole-piano-solo.php,Mother Goose,Level 2
All the Pretty Little Horses,https://makingmusicfun.net/htm/f_printit_free_printable_sheet_music/pretty-little-horses-beginner-piano.php,Nursery Rhyme,Level 1
"Boom, Boom, Indian Drum",https://makingmusicfun.net/htm/f_printit_free_printable_sheet_music/boom-boom-indian-drum-piano.php,MMF Original,Level 2
The Minstrel Boy (Moore),https://makingmusicfun.net/htm/f_printit_free_printable_sheet_music/the-minstrel-boy-piano-solo.php,Celtic,Level 5
Sing a Song of Sixpence,https://makingmusicfun.net/htm/f_printit_free_printable_sheet_music/sixpence-piano.php,Mother Goose,Level 2
Aiken Drum,https://makingmusicfun.net/htm/f_printit_free_printable_sheet_music/aiken-drum-piano.php,Celtic,Level 2
A Pirate I Am (Fling),https://makingmusicfun.net/htm/f_printit_free_printable_sheet_music/a-pirate-i-am-easy-piano.php,MMF Original,Level 3
We Love You America,https://makingmusicfun.net/htm/f_printit_free_printable_sheet_music/we-love-you-america-piano.php,Patriotic,Level 1
The Kerry Dance,https://makingmusicfun.net/htm/f_printit_free_printable_sheet_music/the-kerry-dance.php,Celtic,Level 3
"Boom, Boom, Ain't It Great To Be Crazy?",https://makingmusicfun.net/htm/f_printit_free_printable_sheet_music/boom-boom-aint-it-great-to-be-crazy-piano-solo.php,no_category,Level 2
A Little Dance (Kabalevsky),https://makingmusicfun.net/htm/f_printit_free_printable_sheet_music/kabalevsky-dance-piano-solo.php,Classical,Level 2
"Eternal Father, Strong to Save",https://makingmusicfun.net/htm/f_printit_free_printable_sheet_music/eternal-father-piano.php,Christian,Level 3
Hoedown,https://makingmusicfun.net/htm/f_printit_free_printable_sheet_music/hoedown-piano.php,MMF Original,Level 5
Erie Canal,https://makingmusicfun.net/htm/f_printit_free_printable_sheet_music/erie-canal-piano.php,no_category,Level 3
Beriozka (The Birch Tree),https://makingmusicfun.net/htm/f_printit_free_printable_sheet_music/the-birch-tree-piano.php,no_category,Level 2
Coulter's Candy,https://makingmusicfun.net/htm/f_printit_free_printable_sheet_music/coulters-candy-piano.php,Celtic,Level 2
"Goodbye, Old Paint",https://makingmusicfun.net/htm/f_printit_free_printable_sheet_music/goodbye-old-paint-piano.php,no_category,Level 2
"Up in the Air, Junior Birdman",https://makingmusicfun.net/htm/f_printit_free_printable_sheet_music/junior_birdman_piano.php,no_category,Level 3
"Come, Thou All Mighty King",https://makingmusicfun.net/htm/f_printit_free_printable_sheet_music/come-thou-almighty-king-piano.php,Christian,Level 3
Le Carrousel,https://makingmusicfun.net/htm/f_printit_free_printable_sheet_music/le-carrousel-piano.php,MMF Original,Level 4
Run from the Farmer,https://makingmusicfun.net/htm/f_printit_free_printable_sheet_music/run-from-the-farmer-piano.php,MMF Original,Level 2
Carousel,https://makingmusicfun.net/htm/f_printit_free_printable_sheet_music/carousel-piano.php,no_category,Level 3
Solfeggietto (CPE Bach),https://makingmusicfun.net/htm/f_printit_free_printable_sheet_music/solfeggietto.php,Classical,Level 4
The Three Ravens,https://makingmusicfun.net/htm/f_printit_free_printable_sheet_music/three-ravens-piano.php,no_category,Level 3
Who Built the Ark?,https://makingmusicfun.net/htm/f_printit_free_printable_sheet_music/who-built-the-ark-piano.php,Christian,Level 2
Keel Row,https://makingmusicfun.net/htm/f_printit_free_printable_sheet_music/keel-row-piano.php,Celtic,Level 5
Zum Gali Gali (Israeli),https://makingmusicfun.net/htm/f_printit_free_printable_sheet_music/zum-gali-gali-piano.php,no_category,Level 2
"Git Along, Little Dogies (Whoopie Ti Yi Yo)",https://makingmusicfun.net/htm/f_printit_free_printable_sheet_music/git-along-little-dogies-piano.php,no_category,Level 2
A New Life to Love,https://makingmusicfun.net/htm/f_printit_free_printable_sheet_music/a-new-life-to-love-piano.php,MMF Original,Level 5
The Campbells Are Coming,https://makingmusicfun.net/htm/f_printit_free_printable_sheet_music/the-campbells-are-coming-piano-solo.php,Celtic,Level 3
Catch the Villain (Fling),https://makingmusicfun.net/htm/f_printit_free_printable_sheet_music/catch-the-villian-piano.php,MMF Original,Level 3
A Pirate I Am,https://makingmusicfun.net/htm/f_printit_free_printable_sheet_music/a-pirate-i-am-piano.php,MMF Original,Level 5
Firelight and Starglow,https://makingmusicfun.net/htm/f_printit_free_printable_sheet_music/firelight-and-starglow-piano.php,MMF Original,Level 5
Wee Falorie Man,https://makingmusicfun.net/htm/f_printit_free_printable_sheet_music/wee-falorie-man-piano.php,Celtic,Level 2
Pretty Little Dutch Girl,https://makingmusicfun.net/htm/f_printit_free_printable_sheet_music/pretty-little-dutch-girl-piano.php,Nursery Rhyme,Level 2
My Ma Gave Me a Nickel,https://makingmusicfun.net/htm/f_printit_free_printable_sheet_music/my-ma-gave-me-a-nickel-piano-solo.php,no_category,Level 2
Doctor Foster,https://makingmusicfun.net/htm/f_printit_free_printable_sheet_music/doctor-foster-piano.php,Mother Goose,Level 2
What's That Thing Upon Your Head?,https://makingmusicfun.net/htm/f_printit_free_printable_sheet_music/whats-that-thing-piano.php,MMF Original,Level 2
"Camel Hump, Funny Bump",https://makingmusicfun.net/htm/f_printit_free_printable_sheet_music/camel-hump-funny-bump-piano.php,MMF Original,Level 2
Willow Creek,https://makingmusicfun.net/htm/f_printit_free_printable_sheet_music/willow-creek-piano.php,MMF Original,Level 5
